OTUs,571.T0_RA2_01_33058,582.T1_RD8_01_33104,586.T5_BG8_01_33378,571.T2_RF6_01_33131,578.CT5_RA11_01_33408,576.T5_BF11_01_33368,581.T4_BD7_01_33212,584.T5_BG6_01_33376,585.T0_RB3_01_33073,601.T1_RF2_01_33124,600.T4_BF1_01_33358,578.T5_BG1_01_33371,596.T2_RH5_01_33156,585.T1_RD11_01_33107,578.T1_RD5_01_33101,601.T5_BA1_01_33398,572.T1_RC11_01_33094,602.T1_RF3_01_33128,577.T4_BD4_01_33209,571.T3_BA2_01_33167,592.T4_BE5_01_33349,572.T3_BA3_01_33169,578.T2_RG1_01_33139,577.T0_RA8_01_33065,597.T3_BC2_01_33194,596.T1_RE9_01_33118,589.T3_BB6_01_33185,588.T2_RG9_01_33147,599.T2_RH8_01_33159,602.T2_RH11_01_33162,594.T1_RE7_01_33116,597.T2_RH6_01_33157,584.T3_BB2_01_33181,575.T1_RD2_01_33098,570.T4_BC9_01_33201,577.CT5_RA10_01_33407,590.T3_BB7_01_33186,589.T2_RG10_01_33148,573.T2_RF8_01_33133,588.T5_BG9_01_33379,575.T2_RF10_01_33135,594.T5_BH3_01_33386,574.T0_RA5_01_33062,598.T3_BC3_01_33195,581.CT5_BB1_01_33411,598.T0_RC3_01_33086,584.T0_RB2_01_33072,575.T0_RA6_01_33063,601.T0_RC6_01_33089,577.T3_BA8_01_33174,598.T5_BH7_01_33390,580.T5_BG2_01_33372,571.T4_BC10_01_33202,576.T2_RF11_01_33136,581.T2_RG3_01_33141,580.T4_BD6_01_33211,573.T5_BF8_01_33365,600.T2_RH9_01_33160,599.T3_BC4_01_33196,584.T2_RG6_01_33144,599.T5_BH8_01_33391,602.T5_BA2_01_33399,601.T2_RH10_01_33161,583.T2_RG5_01_33143,598.T4_BE10_01_33354,589.T0_RB6_01_33076,595.T2_RH4_01_33155,571.T1_RC10_01_33093,593.T1_RE6_01_33115,589.T1_RE2_01_33111,599.T0_RC4_01_33087,571.CT5_BA5_01_33402,580.T0_RA10_01_33067,572.T0_RA3_01_33060,586.T4_BD12_01_33217,592.T1_RE5_01_33114,590.T2_RG11_01_33149,583.CT5_BB3_01_33413,570.T2_RF5_01_33130,574.T2_RF9_01_33134,578.T0_RA9_01_33066,586.T2_RG8_01_33146,572.CT5_BA6_01_33403,588.T1_RE1_01_33110,590.T1_RE3_01_33112,593.T5_BH2_01_33385,577.T2_RF12_01_33137,581.T1_RD7_01_33103,588.T4_BE1_01_33345,574.T5_BF9_01_33366,603.T2_RH12_01_33163,595.T1_RE8_01_33117,585.CT5_BB5_01_33415,582.T2_RG4_01_33142,599.T1_RE12_01_33121,588.T3_BB5_01_33184,572.T4_BC11_01_33203,582.T5_BG4_01_33374,573.T1_RC12_01_33095,593.T2_RH2_01_33153,581.T3_BA11_01_33177,584.CT5_BB4_01_33414,582.CT5_BB2_01_33412,592.T5_BH1_01_33384,576.T0_RA7_01_33064,602.T4_BF3_01_33360,583.T1_RD9_01_33105,574.T4_BD1_01_33206,592.T0_RB9_01_33079,573.T4_BC12_01_33204,578.T4_BD5_01_33210,590.T4_BE3_01_33347,574.CT5_BA8_01_33405,591.T5_BG12_01_33382,600.T5_BH9_01_33392,595.T3_BB12_01_33191,590.T5_BG11_01_33381,585.T3_BB3_01_33182,570.T1_RC9_01_33092,575.T4_BD2_01_33207,580.T2_RG2_01_33140,596.T0_RC1_01_33084,594.T3_BB11_01_33190,600.T0_RC5_01_33088,595.T5_BH4_01_33387,589.T4_BE2_01_33346,589.T5_BG10_01_33380,596.T4_BE9_01_33353,582.T0_RA12_01_33069,593.T4_BE6_01_33350,575.T5_BF10_01_33367,583.T5_BG5_01_33375,570.CT5_BA4_01_33401,570.T3_BA1_01_33166,592.T3_BB9_01_33188,572.T5_BF7_01_33364,575.T3_BA6_01_33172,603.T1_RF4_01_33129,595.T4_BE8_01_33352,602.T0_RC7_01_33090,591.T1_RE4_01_33113,594.T0_RB11_01_33081,571.T3_BA2_01_33168,581.T5_BG3_01_33373,580C.T5_RA12_01_33409,580.T3_BA10_01_33176,576.T1_RD3_01_33099,570.T5_BF5_01_33362,574.T1_RD1_01_33097,576.T3_BA7_01_33173,588.T0_RB5_01_33075,584.T1_RD10_01_33106,583.T3_BB1_01_33180,602.T3_BC7_01_33199,571.T0_RA2_01_33059,593.T0_RB10_01_33080,603.T5_BA3_01_33400,573.T0_RA4_01_33061,573.CT5_BA7_01_33404,603.T3_BC8_01_33200,599.T4_BE12_01_33356,570.T0_RA1_01_33057,576.T4_BD3_01_33208,597.T1_RE10_01_33119,573.T3_BA4_01_33170,594.T2_RH3_01_33154,603.T4_BF4_01_33361,591.T4_BE4_01_33348,582.T3_BA12_01_33178,581.T0_RA11_01_33068,586.T0_RB4_01_33074,597.T0_RC2_01_33085,585.T4_BD11_01_33216,586.T1_RD12_01_33108,590.T0_RB7_01_33077,596.T5_BH5_01_33388,586.CT5_BB6_01_33416,583.T0_RB1_01_33071,584.T4_BD10_01_33215,601.T4_BF2_01_33359,574.T3_BA5_01_33171,585.T5_BG7_01_33377,600.T3_BC5_01_33197,598.T1_RE11_01_33120,571.T5_BF6_01_33363,578.T3_BA9_01_33175,596.T3_BC1_01_33193,586.T3_BB4_01_33183,585.T2_RG7_01_33145,576.CT5_RA9_01_33406,598.T2_RH7_01_33158,597.T5_BH6_01_33389,601.T3_BC6_01_33198,597.T4_BE11_01_33355,583.T4_BD9_01_33214,582.T4_BD8_01_33213,577.T5_BF12_01_33369,591.T2_RG12_01_33150,591.T3_BB8_01_33187,595.T0_RB12_01_33082,580.T1_RD6_01_33102,600.T1_RF1_01_33123,603.T0_RC8_01_33091,577.T1_RD4_01_33100,591.T0_RB8_01_33078,572.T2_RF7_01_33132,593.T3_BB10_01_33189,594.T4_BE7_01_33351,592.T2_RH1_01_33152
1,0,0,0,0,0,0,0,0,4206,0,0,4451,0,0,0,0,0,0,0,0,6984,5613,0,0,0,0,0,0,7519,9485,0,0,0,0,0,0,2865,0,0,3523,5456,0,0,0,0,0,5209,2773,0,0,4302,0,9433,0,3569,0,0,0,0,0,0,0,9164,0,8741,0,6290,0,0,3233,0,0,0,0,0,0,0,0,0,0,0,0,0,0,15789,0,0,0,0,0,8405,13010,0,0,0,0,0,7304,0,9516,9062,0,0,0,0,0,0,0,0,0,0,0,0,0,0,0,0,0,0,0,0,0,0,0,0,0,0,0,0,0,0,0,6339,0,3930,0,0,0,0,0,0,0,0,0,0,0,0,0,6757,0,0,9036,0,0,0,0,0,0,0,0,3842,3530,0,5162,3124,0,0,0,0,0,0,0,0,0,3529,0,4565,0,0,0,0,0,0,0,0,0,0,0,0,0,0,0,20417,0,0,0,0,17491,0,0,0,8326,0,0,0,0,0,0,0
2,0,6020,0,47148,0,0,0,0,0,0,0,182669,16864,0,3485,0,0,0,23936,0,177412,52926,0,0,0,0,0,0,126219,0,0,0,5715,0,0,0,61011,0,0,0,0,0,0,0,0,0,0,0,0,0,0,0,0,0,0,25585,0,0,36837,17388,0,0,17182,0,0,0,94483,0,0,0,0,0,1240,0,0,30151,0,0,43335,7217,0,0,0,0,0,113294,0,0,2914,0,0,0,0,0,44304,6422,0,29807,0,0,0,0,0,57428,0,0,29762,0,0,0,0,0,11916,0,0,0,0,0,0,0,0,0,0,10978,0,0,0,0,10000,19068,31465,0,127620,103102,70788,0,42976,0,0,0,7399,0,134171,0,0,0,0,0,6273,0,0,0,60565,221386,0,0,0,0,1247,32688,0,0,4212,0,0,54925,0,0,0,0,0,0,40360,191799,0,88437,0,0,0,0,57159,0,0,0,0,0,446903,84649,0,0,0,0,0,0,0,0,0,0,0,0,0,0,0,0,0,0,33853,0,0
3,0,0,0,0,0,0,0,0,0,0,0,0,0,0,0,0,0,0,0,0,0,0,0,0,0,0,0,0,0,0,0,0,0,0,0,0,0,0,0,0,0,0,0,0,0,0,0,0,0,0,0,0,0,0,0,0,0,0,0,0,23116,0,0,0,0,0,0,0,0,0,0,0,0,0,0,0,0,0,0,0,0,0,0,0,0,0,0,0,0,0,0,0,0,0,0,0,0,0,0,0,0,0,0,0,0,0,0,0,0,0,0,6596,0,0,0,0,0,0,0,0,0,0,0,0,0,0,0,0,0,0,0,0,0,0,0,0,0,0,0,0,0,0,0,0,0,0,0,170150,0,0,0,0,0,0,0,0,0,0,0,0,0,0,0,0,0,0,0,0,0,0,0,0,0,0,25697,0,0,0,0,0,0,0,111202,0,0,0,0,0,0,0,0,0,0,0,0,0,0,0,0,23673,0,0,0,0,0,0,0,0,0
4,0,0,0,0,0,0,0,0,0,0,0,0,0,0,0,0,0,0,0,0,0,0,0,0,0,0,0,0,46734,0,0,0,0,0,0,0,0,0,0,0,0,0,0,0,0,0,0,0,0,0,0,0,0,0,0,0,0,0,0,0,0,0,0,0,0,0,0,0,0,0,0,0,0,0,0,0,0,0,0,0,0,0,0,0,0,0,0,0,0,0,0,0,0,0,0,0,0,0,0,0,0,0,0,0,0,0,0,0,0,0,0,0,0,0,0,0,0,0,0,0,0,0,0,0,5876,0,0,0,0,0,0,0,4575,0,0,0,0,0,0,0,0,0,0,0,0,0,0,0,0,0,0,0,0,0,0,0,0,0,0,0,0,0,0,0,0,0,0,0,0,0,0,0,0,0,0,0,0,0,0,0,0,0,0,0,0,0,4428,0,0,0,0,0,0,0,0,0,0,0,0,0,0,0,0,12417,0,10539,8951,0,0
5,0,0,0,0,0,0,0,0,0,0,0,0,0,0,0,0,0,0,0,0,0,0,0,0,0,0,0,0,0,0,0,0,0,0,0,0,0,0,0,0,0,0,0,0,0,0,0,0,0,0,0,0,0,0,0,0,0,0,0,0,0,0,0,0,0,0,0,6432,0,0,0,0,0,0,0,0,0,0,0,0,0,0,0,0,0,0,0,0,0,0,0,0,0,0,9666,0,0,0,0,0,0,0,0,0,0,0,0,0,48081,0,0,0,0,0,0,0,0,0,0,0,0,0,0,0,0,0,0,0,0,0,0,0,11628,0,0,0,0,0,0,0,0,0,0,0,0,0,0,0,0,0,0,0,0,0,0,0,0,0,0,0,0,0,0,0,0,0,0,0,0,0,0,0,0,6164,0,0,0,0,0,0,0,0,0,0,0,0,0,0,0,0,0,0,0,0,0,0,0,0,0,0,0,0,0,0,0,0,0,0,0
6,0,0,0,0,0,0,0,61532,0,0,85863,0,31571,0,0,0,0,0,0,0,0,0,0,0,0,0,0,0,0,0,0,0,0,0,0,0,0,25336,0,0,0,0,25672,0,0,0,0,0,0,63090,0,0,0,0,0,0,0,0,0,0,0,0,0,0,0,0,0,0,0,0,25318,0,0,0,0,0,0,0,0,0,0,0,0,0,0,0,0,0,0,0,0,0,0,0,0,0,0,0,0,0,0,0,0,0,0,0,0,0,0,0,0,0,0,0,0,0,0,0,0,0,0,0,0,0,0,0,0,0,0,0,0,0,0,0,0,0,0,0,0,0,0,13724,0,0,17898,0,0,0,0,0,0,0,0,0,0,0,0,0,0,0,0,0,0,0,0,0,0,0,0,37592,0,0,0,0,0,0,0,0,0,0,0,0,0,0,0,0,0,0,0,0,0,0,0,0,0,0,0,93385,0,0,0,0,0,0,0,0,0,0,0
7,0,0,0,0,0,0,0,0,0,0,0,0,0,0,0,0,0,0,0,0,0,0,0,0,0,0,0,0,0,0,0,0,0,0,0,0,0,80104,0,0,0,0,0,0,0,0,0,0,0,0,0,64559,0,0,0,0,0,0,0,0,0,0,0,0,0,0,0,0,0,0,0,0,0,0,18278,0,0,0,0,0,0,0,0,0,0,0,0,0,0,0,0,0,0,0,0,0,0,0,0,0,0,0,0,0,0,0,0,0,0,0,0,0,0,0,0,0,0,0,0,0,0,0,0,0,0,0,0,0,0,59157,0,0,0,0,0,0,0,0,0,0,0,0,0,0,0,0,0,0,0,0,0,0,0,0,0,0,0,0,0,0,0,0,0,0,0,0,0,0,30573,0,0,0,0,0,0,0,0,0,0,0,0,0,0,0,0,0,0,0,40110,0,0,0,0,0,0,0,0,0,0,0,0,0,0,0,0,0,0,0,0
8,0,35734,0,0,68068,0,0,131889,0,0,0,3662,0,0,8880,15106,0,3979,7804,0,100026,159008,22266,18071,17346,11539,0,0,0,0,0,0,124630,0,0,28131,64610,0,145888,0,54213,16215,52769,13368,0,7197,0,0,7674,11328,0,10891,0,0,0,0,0,0,0,0,0,16993,0,67035,0,6296,0,102380,76499,0,0,64212,0,0,5510,17981,0,0,19372,10382,0,16858,8804,0,26747,0,0,0,394804,0,2521,0,0,76694,97851,53535,59900,11725,26008,0,50440,6418,7540,174107,0,52844,4151,88967,0,8680,64289,8138,18683,89725,0,403749,33601,67422,40729,0,0,45331,0,0,28735,43223,0,0,5778,0,10307,0,32791,0,0,0,7634,185968,35199,0,0,0,0,25466,0,83824,66523,0,55939,0,7392,9019,63065,65562,0,0,89091,32935,0,104999,26884,0,0,0,105830,0,151082,0,0,0,10530,0,0,9913,0,0,11409,0,0,0,37986,0,0,22171,0,0,0,9133,40855,19734,0,82606,16757,76361,0,136413,11108,0,0,0,35587,53304,23852,19666,19667,25594,7885,6522,0
9,0,0,0,0,0,0,0,0,0,0,0,1254,0,0,0,0,0,0,0,0,0,0,0,0,0,0,0,0,0,0,0,0,0,0,0,0,0,0,0,0,10630,0,0,0,0,0,0,0,0,0,0,0,0,0,0,0,0,0,0,0,0,0,0,0,0,0,0,0,0,0,0,0,0,0,0,0,0,0,0,0,0,0,0,0,0,0,0,0,0,0,0,0,0,0,0,0,0,0,0,0,0,0,0,0,0,0,0,0,0,0,0,0,0,0,0,0,0,0,0,0,0,0,0,0,0,0,0,0,0,0,0,0,0,0,0,0,0,0,0,0,0,0,0,0,0,0,0,0,0,0,0,0,0,0,0,0,0,0,0,0,0,0,0,0,0,5268,0,0,0,0,0,0,0,0,0,0,0,0,0,0,0,11549,0,0,0,0,0,0,0,0,0,0,0,0,0,0,0,0,0,0,0,0,0,0,4311,0,0,0,0
10,0,0,0,0,0,0,0,0,0,0,0,0,0,0,0,0,0,0,0,0,0,0,0,0,0,0,0,0,0,0,0,0,0,0,0,0,0,0,4101,0,0,0,0,0,0,0,0,0,0,0,0,0,0,0,0,0,0,0,4701,0,0,0,0,0,0,0,0,0,0,0,0,0,0,0,0,0,0,0,0,0,0,0,0,0,0,0,0,0,0,0,0,0,0,11171,0,0,0,0,0,0,0,0,0,0,0,0,0,0,0,0,0,0,0,0,0,0,8811,0,0,0,0,0,0,0,0,0,0,0,0,4815,0,0,0,0,0,0,0,0,0,0,0,0,0,0,0,0,0,0,0,0,0,0,0,0,0,0,0,0,0,0,0,0,8026,0,0,0,0,0,0,0,0,0,0,0,0,0,0,0,0,0,0,0,0,0,0,0,0,0,0,0,0,0,0,0,0,0,0,0,0,0,0,0,0,0,0,0,0,0,0
11,0,224239,0,0,26600,0,0,0,0,71851,0,0,0,172771,327925,0,0,0,0,140840,0,27025,0,0,0,0,26100,11344,0,238959,0,0,0,0,0,553259,17717,0,0,0,0,0,0,0,0,0,6305,0,0,24042,0,0,91407,0,33602,0,0,0,0,0,366997,368188,533838,0,0,0,106822,0,0,42251,0,8729,0,0,0,88607,0,72700,0,0,0,0,769293,283427,0,0,25618,380213,1595,0,20802,0,0,0,0,189343,103698,0,0,0,0,0,0,0,0,0,6150,0,0,462589,0,0,0,0,0,0,458356,0,0,42325,0,0,0,0,437111,0,0,0,0,454782,0,343100,362602,0,0,0,0,0,0,0,59674,0,0,0,110098,0,0,88809,0,44010,55481,34829,20363,0,0,0,6484,0,0,15708,0,0,156739,0,0,0,0,9388,0,17205,0,0,0,1755,491859,0,121929,0,40072,0,0,379589,76336,37127,147257,0,9803,0,0,0,0,0,0,0,0,0,10853,0,18622,0,24549,85619,0,7473,24015,0,0,9486,0
12,0,0,0,0,0,0,0,0,0,0,0,0,0,0,0,0,0,0,0,0,0,0,0,0,0,0,0,0,0,0,0,0,0,0,0,0,0,0,0,0,0,0,0,0,0,0,0,0,0,0,0,0,0,0,0,0,0,0,0,0,0,0,0,0,0,0,0,0,0,5002,0,0,0,0,0,0,0,0,0,0,0,0,0,0,0,7103,0,0,0,0,0,0,0,0,0,0,0,0,0,0,0,0,0,0,2739,0,0,0,0,0,0,0,0,0,0,0,0,0,0,0,0,0,0,0,0,0,0,0,0,4243,0,0,0,0,0,0,0,0,0,0,0,0,0,0,0,0,0,0,6187,0,0,0,0,0,0,0,0,0,0,0,0,0,0,0,0,0,0,0,0,0,0,0,0,0,6244,0,0,0,0,0,0,0,0,0,0,0,0,0,0,0,0,0,0,0,0,0,0,0,0,0,0,0,0,0,0,0,0,0,0
13,0,0,0,0,0,0,0,0,0,0,0,0,0,0,0,0,0,0,0,0,0,0,0,0,0,0,0,0,0,0,0,0,0,0,0,0,0,0,0,0,0,0,0,0,0,0,0,0,0,0,0,0,0,0,0,0,0,0,0,0,0,0,0,0,0,0,0,0,0,0,0,0,0,0,0,0,0,0,0,0,0,0,0,0,0,0,0,0,0,0,0,0,16924,0,0,0,0,0,0,0,0,0,0,0,0,0,0,0,0,0,0,0,0,0,0,0,10750,0,0,0,0,0,0,0,0,0,0,0,0,0,0,0,0,0,0,0,0,0,4713,0,0,0,0,0,0,0,0,0,0,0,0,0,0,0,0,8722,0,0,0,0,0,0,13471,0,0,0,0,0,0,0,0,0,0,0,0,0,0,0,0,0,0,0,0,0,0,0,0,0,0,0,0,0,0,0,0,0,0,0,55770,0,0,0,0,0,0,0,0,7524,0
14,0,9166,0,0,0,0,0,0,0,0,0,0,0,0,0,0,0,0,0,0,0,0,0,0,0,0,0,0,3753,0,5689,0,0,0,0,0,0,0,0,0,0,0,0,0,0,0,0,0,0,0,0,0,0,0,0,0,0,0,0,0,7498,0,0,0,0,0,0,0,0,0,0,0,0,0,0,0,0,0,0,0,0,0,0,0,0,0,0,0,0,0,0,0,0,0,0,0,0,0,0,0,0,0,0,0,0,0,0,0,0,0,0,0,0,0,0,0,0,0,0,0,0,0,0,0,19731,7309,0,5445,2644,0,0,0,0,0,0,8782,0,0,0,0,0,0,0,0,0,0,0,0,0,0,0,0,0,0,0,0,0,0,0,0,0,0,0,0,0,0,0,0,17349,0,0,0,0,0,0,0,0,0,0,0,0,0,0,0,0,0,0,0,0,0,0,0,0,0,0,0,0,0,0,0,0,0,0,0,0,0,0,0,0
15,0,0,0,0,0,0,0,0,0,6711,0,0,0,0,0,0,0,0,0,0,0,0,0,0,0,0,0,0,4260,0,0,0,7805,0,0,0,0,0,0,0,0,0,0,0,0,0,0,0,0,0,0,0,0,0,0,0,0,0,0,0,0,0,0,0,0,0,0,0,0,0,0,0,0,0,6159,0,0,0,0,0,0,0,0,0,0,0,0,0,0,0,0,0,0,0,0,0,0,0,0,0,0,0,0,0,0,0,0,0,5342,0,0,0,0,0,0,0,0,0,0,0,0,0,0,4368,0,0,0,0,0,0,0,0,0,0,0,0,0,0,0,0,0,0,4282,0,0,0,0,0,0,0,0,0,0,0,0,0,4699,0,0,0,0,0,0,0,0,0,0,0,4855,0,0,0,0,0,0,0,0,0,0,0,0,0,0,0,0,0,0,4219,0,0,0,0,0,0,0,0,0,0,0,0,0,0,0,0,0,0,0,0,0
16,0,26288,47177,21348,300238,2879,97893,0,0,117845,0,101711,0,0,15022,23423,54937,168386,83350,71777,195327,82981,134144,79161,113410,220479,147820,0,180478,134830,252730,0,114408,0,79572,0,210340,81830,11160,0,70736,0,0,36418,105169,85999,0,8167,0,75315,0,14031,0,0,33183,36160,27764,196444,123961,0,30045,41219,82428,85806,10616,0,10533,0,230746,14449,99957,132792,0,45189,124741,102932,0,101577,286927,63213,70365,55798,169613,80694,123733,93442,23456,0,70990,0,122784,25773,39227,0,244298,58713,172068,0,73321,47311,115276,101891,152851,0,0,91493,0,63649,117686,66854,101446,174176,74400,55249,36593,141235,48742,56175,0,68473,46738,20931,73285,54722,36335,70411,0,0,63110,22717,0,0,2894,83893,45462,0,100566,155284,0,5604,0,0,73837,101495,37006,107506,63643,68062,109212,51828,146580,12948,83003,40450,41815,84131,160155,56109,50238,190912,23070,0,0,61643,9831,7837,134944,124350,87622,0,64729,0,33024,41098,109167,39523,168833,0,0,33434,145070,0,73574,71281,32568,90255,13779,95781,54497,60774,0,166966,157830,34194,53722,48867,0,60951,0,0,0,134475,47132,87524,55926,19374,63185,0,66873
17,0,0,0,0,0,0,0,0,0,0,0,0,0,0,0,0,0,62037,0,0,0,0,0,0,0,0,0,0,0,4745,0,0,0,0,0,0,9339,0,0,0,0,0,0,0,0,0,0,0,0,0,0,0,1062,0,0,0,0,0,6006,6730,0,0,12826,0,0,0,0,0,0,0,0,0,0,0,0,0,0,0,0,0,0,0,0,0,0,0,0,0,0,0,0,0,0,0,0,0,0,0,0,0,0,0,0,0,0,0,0,0,0,0,0,0,0,0,0,0,0,0,0,4885,0,0,0,0,7847,0,0,0,10717,0,0,0,0,0,0,0,0,0,0,7530,0,0,0,0,0,0,0,0,0,0,0,0,39963,0,0,0,0,0,0,0,0,0,23066,0,0,0,0,0,0,0,0,0,0,0,0,0,0,0,0,0,0,0,0,0,0,0,0,0,0,0,0,0,0,0,0,0,0,0,770,3706,0,0,7829,0,0,0,0,4050,0
18,0,0,0,0,0,0,10230,0,0,0,0,0,0,0,0,0,0,0,0,0,0,0,0,0,0,0,0,0,12215,0,0,0,0,0,0,0,0,0,0,0,0,0,0,0,0,0,0,0,0,0,0,0,0,0,0,0,0,0,0,0,0,0,0,0,0,0,0,0,0,0,0,0,0,0,0,0,0,0,0,0,0,0,0,7155,0,0,0,0,0,0,0,0,0,0,0,0,0,0,0,0,0,0,0,0,0,0,0,0,0,0,3825,0,0,0,0,0,0,2130,0,0,0,0,0,0,0,0,0,0,0,6316,0,0,0,0,0,0,0,0,0,0,49632,0,0,0,0,0,0,0,0,0,0,0,0,0,0,0,0,0,0,0,0,0,0,0,0,0,0,0,0,0,0,0,0,0,0,0,0,0,0,0,0,0,0,0,0,0,0,0,0,0,0,12559,0,0,0,0,0,0,0,0,0,0,0,0,0,0,0,0,0
19,5206,18181,0,0,0,15647,0,28413,0,0,0,0,4926,0,0,88754,0,0,0,0,0,0,0,83992,0,8292,0,35672,0,6975,0,0,0,0,0,0,0,0,0,0,0,0,0,0,0,0,0,3148,0,0,0,0,0,0,0,0,0,0,61491,0,0,0,0,0,0,0,0,0,0,0,0,0,44589,0,0,0,0,0,0,0,0,14220,0,0,0,4626,0,0,0,0,0,0,0,0,0,0,73615,0,0,0,0,0,0,0,0,0,0,51617,0,53076,0,0,0,0,0,0,0,0,0,0,0,0,0,0,0,0,0,0,0,70387,30509,33013,0,0,0,57709,0,0,13214,0,0,48371,10551,0,25092,0,0,66496,0,0,22036,45741,0,0,0,0,0,0,0,0,0,0,0,10972,0,0,0,0,0,88740,0,0,0,0,0,0,0,0,0,0,0,0,0,0,79972,0,10188,0,0,82402,0,0,0,0,0,0,26550,63372,0,0,0,0,0,0,0,0,0,0,0
20,0,0,0,0,0,0,0,0,0,0,0,0,0,0,0,0,0,0,0,0,0,0,0,0,0,0,0,0,0,0,0,0,0,0,0,0,0,0,0,0,0,0,0,0,0,3188,0,0,0,0,5179,0,0,0,0,0,0,0,0,0,0,0,0,0,3957,0,0,0,8586,17558,0,0,0,0,0,0,0,0,0,0,0,0,0,0,0,0,0,0,0,0,0,0,0,0,0,0,0,0,0,0,0,0,0,0,0,0,0,0,0,0,0,0,0,0,0,0,0,0,0,0,4467,0,0,0,0,0,0,0,0,0,0,0,0,0,0,0,0,0,0,0,0,0,0,0,0,0,0,0,0,0,0,0,0,0,0,0,0,0,0,0,0,0,0,12611,0,0,0,0,0,0,0,0,0,0,0,0,0,0,0,0,0,0,0,0,0,0,0,0,0,0,10397,0,0,0,0,0,0,0,0,0,0,0,0,0,0,0,0,0,0
21,0,0,0,0,4068,0,0,0,0,0,0,0,0,0,0,0,0,0,0,0,0,0,0,0,0,0,0,0,0,0,0,0,0,0,19805,0,0,0,0,0,0,0,3459,0,0,0,0,0,0,0,0,0,0,0,0,0,0,0,0,0,0,0,0,0,0,0,0,0,0,0,0,0,0,0,0,0,0,0,0,0,0,0,0,0,0,0,0,0,0,0,0,0,0,0,0,0,0,0,0,0,0,0,0,0,0,0,0,0,0,0,0,0,0,0,0,0,0,0,0,0,0,0,0,0,0,0,0,0,0,0,0,0,18203,0,17175,0,0,0,0,0,0,0,0,0,0,0,0,0,0,0,0,0,0,0,0,0,0,0,0,0,0,0,0,0,0,0,0,0,0,0,0,0,0,0,0,0,0,0,0,0,0,0,0,0,0,0,0,0,0,0,0,0,0,0,0,0,0,0,0,0,0,0,0,0,0,0,0,0,0
22,78587,0,0,55295,0,0,0,0,21535,0,29255,35887,0,0,0,0,0,0,13072,53547,4546,0,0,59484,76153,0,15047,41577,0,0,0,0,0,60656,0,41554,0,0,0,17717,0,0,67938,75152,27511,45744,23680,0,150498,141274,0,0,46768,0,0,0,61015,0,9820,0,0,0,86304,10839,0,25306,89150,0,0,0,0,0,0,27981,0,0,38308,62878,0,19579,0,0,0,5329,0,73421,0,0,59031,0,73531,0,11438,48734,0,0,0,25608,42484,0,0,0,0,52869,39748,0,13230,61203,0,0,0,0,55833,79580,56604,0,0,20799,0,0,0,77171,19815,0,88164,25566,59926,0,61321,0,31600,38919,0,49328,0,0,0,0,0,0,0,34813,0,0,0,0,69951,0,0,0,0,0,0,38104,0,74729,0,0,0,0,0,0,6926,0,70038,34818,58705,14766,8938,0,0,8552,0,12546,0,0,24207,0,0,0,0,20964,17301,47220,0,0,0,80132,0,93142,134943,0,0,17582,59863,65704,0,0,0,129867,82896,0,96821,0,0,0,58138,46980,14787
23,0,0,40940,0,0,0,85885,0,0,69889,0,0,0,40145,0,137389,8067,0,0,0,0,0,0,0,0,0,0,0,0,0,0,106996,0,0,46781,0,0,67059,0,0,50660,54280,0,64715,0,0,0,76300,0,0,0,0,55514,81984,91563,54946,0,0,0,0,0,97221,0,36225,0,49797,0,75920,0,0,127863,0,0,0,0,73473,63679,0,0,0,0,0,0,0,0,0,50337,68303,65892,0,0,0,0,47119,0,35680,0,0,63462,0,0,31665,0,62097,23245,41900,0,0,0,0,53623,0,0,0,0,0,0,0,0,0,30172,0,0,0,0,67534,0,0,0,51503,0,0,0,0,0,0,0,0,22324,26150,0,0,0,0,0,0,0,0,0,0,0,0,0,0,0,66253,0,0,24733,0,12686,0,0,0,0,94895,0,0,0,40686,0,0,0,43995,0,128369,39483,0,41675,0,0,0,0,0,0,0,65582,0,0,0,63089,0,0,0,0,0,0,0,0,0,0,0,0,0,24205,53543,0,0,0
24,0,0,0,0,0,0,0,0,0,0,36189,0,0,0,0,0,0,0,0,0,0,0,0,0,0,0,0,0,0,0,0,0,14138,0,0,0,0,0,28519,0,0,0,0,0,0,0,0,0,0,0,0,0,0,0,0,0,0,0,0,0,0,24663,0,0,0,0,0,0,0,0,24154,0,0,0,0,0,0,0,0,0,0,0,32101,0,0,0,0,0,0,0,0,0,0,0,0,0,0,0,0,0,0,0,38683,0,0,0,0,0,0,0,0,0,0,0,0,0,0,0,18388,0,0,0,0,0,0,0,0,0,17355,0,0,0,0,0,0,0,0,0,77868,0,0,0,0,0,0,27332,0,0,0,0,0,0,0,12197,0,0,69703,0,0,0,0,0,0,0,0,0,0,0,0,0,0,0,0,0,0,0,0,0,0,0,0,0,0,0,0,0,0,0,0,0,0,0,0,0,20136,0,0,0,27990,0,0,26510,0,0,0,0,0,0,0
25,0,0,0,0,28597,0,0,0,0,0,0,0,0,0,0,29316,0,0,0,0,0,0,0,0,0,0,0,0,0,0,0,44869,0,0,0,0,0,25439,0,0,0,0,0,0,0,0,0,0,0,0,0,0,0,0,0,0,0,0,0,0,0,0,0,0,0,0,0,0,0,0,0,0,0,0,0,0,0,0,0,0,0,0,0,0,0,0,0,0,0,1088,0,0,0,0,0,0,0,0,0,0,0,0,0,0,0,0,0,0,0,0,0,0,0,0,0,0,0,0,22921,0,0,0,0,0,0,0,0,0,0,0,0,0,0,0,0,0,22181,0,0,0,0,0,0,0,0,0,0,0,0,0,0,0,0,0,0,0,0,50203,0,0,0,0,0,0,0,0,0,0,0,0,0,0,0,0,0,0,0,38166,0,0,0,0,0,0,0,0,0,0,0,0,0,0,0,0,0,0,0,0,0,0,24360,0,0,0,0,0,0,0,0
26,0,0,0,0,0,0,0,0,0,0,0,0,0,0,0,0,0,0,0,0,0,0,0,0,0,0,0,0,0,0,0,0,0,0,0,0,0,0,0,0,0,0,0,0,0,0,0,0,0,0,0,0,0,5175,0,0,0,0,0,0,0,0,0,0,0,0,0,30251,0,0,0,0,0,0,0,0,0,0,0,0,0,0,0,0,0,0,0,0,0,0,0,0,0,0,0,0,0,0,0,0,23172,0,0,29380,0,0,22574,0,0,0,0,0,0,14358,0,46709,0,0,0,0,0,0,0,0,0,0,0,0,0,0,0,0,0,0,0,0,0,0,0,0,11946,0,0,0,0,0,0,0,0,0,0,0,0,0,0,0,0,0,0,0,0,0,0,0,0,0,0,0,0,0,0,0,0,0,0,0,0,0,0,0,0,0,0,0,0,0,0,0,0,0,0,0,0,0,11780,0,0,0,0,0,0,0,0,0,0,0,0,0,0
27,0,0,0,0,28698,0,0,0,0,0,0,0,11379,0,0,0,0,0,0,0,0,0,0,0,0,0,0,0,0,0,0,0,0,0,0,0,0,0,0,0,0,0,0,0,0,0,0,0,0,0,0,0,0,0,0,0,0,0,0,0,0,0,0,0,0,0,0,0,0,0,0,0,0,0,0,0,0,0,0,0,0,0,0,0,0,0,0,0,0,0,0,0,0,0,0,0,0,0,0,0,0,0,0,0,0,0,0,0,0,0,0,0,0,0,0,0,0,0,0,0,0,0,0,0,0,0,0,0,0,0,0,0,0,0,0,0,0,0,0,0,0,0,0,0,0,0,6262,0,0,0,0,0,0,0,0,0,0,0,0,0,0,0,0,0,0,0,0,0,0,26902,0,0,0,0,0,0,0,0,0,0,0,0,0,0,0,0,0,0,0,0,0,0,0,0,0,0,0,0,16757,0,0,0,0,0,0,0,0,0,0
28,0,0,0,0,0,0,0,0,0,0,0,0,13106,0,0,0,0,0,0,0,0,0,0,0,0,0,0,0,0,0,0,0,0,0,0,0,0,0,0,0,0,0,0,0,0,0,0,0,0,0,0,0,0,0,13057,0,0,0,0,0,0,0,0,0,0,0,0,0,0,0,0,0,0,0,0,0,0,0,0,0,0,0,0,0,0,0,0,0,0,24708,0,0,0,0,0,0,0,0,0,0,0,0,0,0,0,0,0,0,0,0,0,0,0,0,0,0,0,0,0,0,0,0,0,0,0,0,0,0,0,0,0,0,0,16724,0,0,0,0,0,0,0,0,0,0,0,0,0,14060,0,0,0,0,0,0,0,0,0,15342,0,0,0,0,0,0,0,0,0,0,0,0,0,0,0,0,9527,0,0,0,0,0,0,0,0,0,0,0,0,0,0,0,0,0,0,0,0,0,0,0,0,0,33299,0,0,0,0,0,0,0,0
29,0,0,0,0,0,0,0,0,0,0,0,0,0,0,0,0,0,0,0,0,0,0,0,0,0,0,0,0,0,0,0,0,0,0,0,0,0,0,0,0,0,0,0,0,0,0,0,0,0,0,0,0,0,0,0,0,0,0,0,0,0,0,0,0,0,0,0,0,0,0,0,0,0,0,0,0,0,0,0,0,0,0,0,0,0,0,0,0,50558,0,0,0,0,0,9020,0,0,0,0,0,0,0,0,0,0,0,0,0,0,0,0,0,0,0,0,0,0,0,0,0,0,0,0,0,0,0,0,0,0,0,0,0,27210,0,0,0,0,0,0,0,0,0,0,0,9723,0,0,0,0,0,0,0,0,0,0,0,0,0,0,0,0,0,0,0,0,0,0,0,0,0,0,7169,0,0,0,0,0,0,0,0,0,0,0,0,0,0,0,0,0,0,0,0,0,0,0,0,0,0,0,0,0,0,0,0,0,0,0,0,0
30,0,0,0,0,0,0,0,0,0,0,54079,0,0,0,0,0,0,0,0,0,0,0,0,0,0,0,0,0,0,0,0,0,0,0,0,0,0,0,0,0,0,0,0,0,0,0,0,0,0,0,0,0,0,0,0,0,0,0,0,0,0,0,0,0,0,0,0,97255,0,0,0,0,0,0,0,0,0,85271,0,0,0,0,0,22393,0,30298,0,0,104013,0,0,0,0,0,0,0,0,0,0,0,0,0,0,0,0,0,0,0,0,0,0,0,0,0,0,0,0,0,0,0,0,39112,0,0,0,0,0,0,0,0,0,0,0,0,0,0,0,0,0,0,68900,0,0,0,0,89874,0,0,0,0,0,0,0,0,0,0,0,0,0,0,0,0,0,0,0,0,0,0,0,0,7125,0,0,0,0,0,0,0,0,0,0,0,0,0,0,0,0,0,0,0,0,0,0,0,0,0,0,0,0,67447,0,0,0,0,0,0,0,0,0
31,0,0,0,0,0,0,0,0,0,0,0,0,0,0,0,0,0,0,0,0,0,0,0,0,0,0,0,0,0,0,0,0,0,0,0,0,0,0,0,0,0,0,0,0,0,0,0,0,0,0,0,0,0,0,0,0,0,0,0,0,0,0,0,0,0,0,0,0,0,0,0,0,0,0,0,0,21177,0,0,0,0,0,0,0,0,0,0,0,0,0,0,53943,0,0,0,0,0,0,0,0,94596,0,0,0,0,0,0,0,0,0,0,0,0,0,0,0,0,0,0,0,0,0,0,0,57683,43670,0,0,0,0,0,0,0,0,0,0,0,0,0,0,0,0,0,0,0,0,0,0,0,0,0,0,0,0,0,0,0,0,0,0,0,0,0,0,0,0,0,0,0,0,0,0,0,0,76492,0,0,0,0,0,0,0,0,0,0,0,0,0,0,0,0,0,0,0,0,0,0,0,0,0,0,0,0,0,0,0,0,0,0
32,0,0,0,0,0,0,0,0,0,0,0,0,47963,0,0,0,0,0,0,0,0,0,0,0,0,0,0,70973,0,0,0,0,0,0,0,0,0,0,0,0,0,0,0,0,0,0,0,0,0,0,0,0,0,0,0,0,0,0,0,0,0,0,0,0,0,0,0,63134,0,0,66580,0,81472,0,0,0,0,0,0,0,0,40265,0,0,0,0,0,0,0,0,0,0,0,0,0,0,0,0,0,0,0,0,0,0,0,0,0,0,0,0,0,0,0,0,0,0,0,0,0,73409,0,0,0,0,0,0,0,0,0,0,0,0,0,0,0,0,0,0,0,0,0,0,0,0,0,0,0,0,0,0,0,0,0,0,0,0,0,0,0,0,0,0,0,0,0,0,0,0,0,0,0,0,0,0,0,0,0,69916,0,73627,0,0,0,0,0,0,0,0,0,0,0,0,76583,0,0,0,0,0,0,0,0,0,0,0,0,0,0,0,92533
33,0,8057,0,42398,0,117255,79559,39873,0,16720,172345,0,224325,12349,0,19313,0,551689,0,22317,0,252574,34752,0,306783,39908,12302,0,7250,43368,481439,91610,0,33482,0,12779,111978,0,45987,140791,0,47146,0,0,0,0,0,0,0,24246,0,0,0,0,9709,0,117574,81442,8273,0,0,40737,20036,0,0,0,245669,0,37458,61230,12973,0,251112,0,10594,0,0,0,86942,0,0,110059,0,117910,91985,291880,45404,0,113693,33106,47090,0,0,0,558891,198326,23709,0,21789,27072,0,0,0,0,0,0,0,220159,0,389795,0,0,303721,0,36965,113275,0,198481,11907,55436,0,5932,22991,0,12655,153108,0,0,33275,265419,26414,205637,0,212179,59426,0,42890,458202,263283,7129,53271,0,38211,199001,49799,0,0,0,0,207224,7525,212982,0,0,0,0,51726,118640,238083,42964,18758,0,46775,127209,75791,0,228239,0,0,0,242402,175143,0,0,0,27914,0,5647,0,0,88699,0,0,28521,0,9111,63528,0,33014,0,0,0,186768,0,0,72238,214638,10007,18280,0,96406,43239,65354,45417,0,116968,19238,173539,0
34,0,0,5292,0,0,0,0,0,0,0,1991,0,0,0,0,0,0,4023,0,0,0,0,0,0,0,0,0,0,0,0,0,0,0,2322,0,0,8835,0,0,0,0,3683,0,0,0,0,0,0,2870,0,3685,0,0,0,0,0,0,0,0,0,0,0,0,0,0,0,0,0,0,0,0,0,0,0,0,0,2792,0,0,0,0,0,2025,0,0,0,0,0,0,0,0,0,0,5999,0,0,0,0,0,0,0,0,0,3273,0,0,0,0,0,3540,0,0,0,0,0,0,0,2450,0,0,0,0,0,0,0,0,0,0,2749,0,0,0,0,0,0,0,0,0,0,0,0,0,0,2649,0,0,2712,0,0,0,0,0,0,0,0,0,0,0,3085,0,0,2733,0,0,0,0,3895,0,0,0,0,0,0,0,0,0,0,0,3452,0,0,0,0,0,3930,0,0,0,2435,0,0,0,0,3301,10807,0,0,0,0,0,0,0,0,0,3478,0,0,0,0
35,0,0,0,0,0,0,0,0,0,11750,0,0,0,0,0,0,0,0,0,0,0,0,0,0,0,0,0,0,0,0,0,0,0,0,0,0,0,0,0,0,0,0,0,0,0,0,0,0,0,0,0,0,0,0,0,0,0,0,0,0,0,0,0,0,0,0,0,0,6568,0,0,0,0,0,0,0,0,0,0,0,0,0,0,0,0,0,0,0,0,0,0,0,0,0,0,0,0,0,0,0,0,0,0,0,0,0,0,0,0,0,0,0,0,0,0,20197,0,0,0,0,0,0,0,0,0,0,0,0,0,0,0,0,0,0,0,0,0,0,0,0,8799,0,0,0,0,30897,0,0,0,0,0,0,0,0,0,0,0,0,0,0,0,0,0,0,0,0,0,0,0,0,0,0,0,0,0,0,0,0,0,0,0,0,9877,0,0,0,5038,0,0,0,0,0,0,0,0,0,0,0,0,0,0,8510,0,0,0,0,0,0,0
36,0,0,0,0,0,0,0,0,0,67233,0,0,0,0,0,0,0,10062,0,0,0,8544,0,0,0,8483,0,0,0,0,0,0,0,0,0,0,0,0,12184,0,0,0,0,28275,0,0,0,0,0,0,0,0,0,0,0,10858,0,0,38348,0,0,0,0,0,0,0,0,0,0,75418,0,0,0,0,0,0,0,0,0,3036,0,0,0,0,0,0,0,0,20502,0,20155,0,0,0,0,0,0,0,37361,39446,0,0,0,0,0,0,0,0,0,24422,22404,15666,0,0,0,0,0,0,0,0,0,10973,0,0,0,0,0,0,0,99509,0,0,0,0,0,0,0,0,0,0,0,0,0,0,0,0,0,0,0,0,0,0,0,7930,0,0,0,0,0,0,0,0,0,0,0,0,0,0,0,0,0,0,0,0,0,0,4889,6542,0,0,0,0,0,0,0,9216,0,0,0,0,14108,0,0,0,0,0,0,0,0,0,0,70505,0,0,0,0,10687,0,0
37,0,0,0,0,0,0,0,0,0,0,0,0,0,0,0,0,0,0,0,0,0,0,2114,0,0,0,0,0,0,0,0,0,0,0,0,0,0,0,0,0,0,0,0,0,0,0,0,0,0,0,0,0,0,0,0,0,0,0,0,0,0,0,0,0,0,0,0,0,0,0,0,0,2731,0,0,0,0,0,0,0,0,0,0,0,0,0,0,0,0,0,0,0,0,0,0,0,0,0,0,0,0,0,0,0,0,0,0,0,0,0,0,0,0,0,0,0,0,0,0,5086,0,0,0,0,0,0,0,0,0,0,0,0,0,0,0,0,0,0,0,0,0,0,0,0,0,0,0,0,0,0,0,0,0,0,0,0,0,0,0,0,0,0,0,0,0,0,0,0,0,4105,0,0,0,0,6758,0,0,0,0,0,0,0,0,0,0,0,0,0,0,0,0,0,0,0,0,0,0,0,0,8786,0,0,0,0,6873,0,0,0,0
38,0,0,0,28150,0,0,0,0,0,0,0,0,0,0,0,0,0,0,0,0,8031,0,0,0,36795,0,0,0,0,22106,0,0,0,0,0,0,0,0,0,0,0,0,0,0,0,0,0,0,0,0,0,0,18156,0,7994,0,0,0,0,0,0,0,0,0,0,0,0,0,0,0,0,0,0,0,0,0,0,0,0,0,0,0,0,0,0,0,0,0,0,0,0,0,0,0,0,0,0,0,0,0,0,0,0,0,0,0,0,0,0,0,0,0,0,0,0,0,0,0,0,29447,0,0,0,0,0,0,0,0,0,0,0,0,0,0,0,0,0,0,0,5088,0,0,0,0,0,0,0,0,7253,0,0,0,0,0,0,20909,0,0,0,12268,0,0,0,0,0,0,0,0,0,0,0,0,0,0,0,0,0,0,0,0,0,0,12877,50264,0,7313,0,7635,0,0,0,0,0,0,0,0,0,0,19160,0,0,0,0,0,0,0,0,0,0
39,0,0,67399,302958,0,0,56106,0,0,0,0,0,0,0,75769,66150,58455,0,0,0,0,0,42753,0,0,0,0,0,49559,0,157572,0,0,0,0,0,0,0,0,0,0,0,0,0,8399,0,75605,73910,114935,0,0,46396,141947,0,0,57594,37372,0,43782,28939,0,0,221232,0,35820,0,168012,0,0,0,0,0,60635,40576,0,56543,168126,0,0,0,0,0,0,181040,187887,0,0,0,0,35430,0,0,0,0,0,0,0,0,57806,67119,0,0,114414,0,0,0,0,0,0,0,0,0,83288,0,102944,0,0,0,141876,60520,0,43943,0,0,0,0,0,0,0,0,0,0,137436,0,0,0,0,43802,38361,0,38000,27545,36607,0,0,0,161519,15856,167572,0,45991,55054,39246,0,0,0,56223,85970,0,0,0,0,0,0,0,324837,0,0,0,0,0,132837,0,0,134484,183313,0,0,0,58950,0,0,0,0,0,0,0,149293,0,0,0,0,0,56550,0,0,0,154624,0,0,0,0,0,0,0,0,0,0,0
40,0,0,0,0,0,0,0,0,0,0,0,0,0,0,0,0,0,0,0,0,0,0,0,0,0,0,0,50484,0,0,0,0,0,0,0,0,0,15572,0,0,0,0,0,0,0,0,0,0,0,0,0,0,0,0,0,0,0,0,0,0,0,0,0,0,0,0,0,0,0,0,0,0,22638,0,0,0,24733,0,0,0,0,0,0,0,0,0,0,0,0,0,0,0,0,0,0,0,0,0,0,0,0,0,0,0,0,0,56735,0,0,0,0,0,0,0,0,0,0,0,0,0,32331,0,0,0,0,0,0,0,0,0,0,0,0,0,0,0,0,0,0,0,0,0,0,0,0,0,0,0,0,0,0,0,0,0,0,0,0,0,0,0,0,0,0,0,0,0,0,0,0,0,0,0,0,0,0,0,0,0,0,0,0,0,0,0,0,0,0,0,0,0,13353,0,0,0,0,0,0,0,0,0,0,0,0,0,0,0,18111,0,25109
41,0,48717,0,355465,175293,0,0,0,140831,0,192073,0,0,64685,19697,0,0,61136,0,0,198907,0,0,378154,155059,0,0,0,150245,73860,160835,0,0,20119,0,405269,0,120469,0,0,35754,0,285956,166224,0,165635,102714,79958,135891,524421,117659,0,288203,270564,19237,37429,0,400536,0,0,0,0,129546,0,105229,161830,142196,0,0,0,184248,35795,384874,269913,0,0,140604,0,0,0,0,42183,175614,169669,224476,421464,33788,0,0,0,101924,0,0,0,0,0,0,0,0,0,0,0,0,0,132001,12301,0,0,149339,0,0,0,0,0,99495,24352,231819,0,195438,9121,0,330693,170475,198507,22910,162468,110883,0,240575,0,0,0,139923,0,0,0,0,0,0,109061,0,335160,111999,0,0,0,0,0,62110,0,0,0,16147,0,0,174125,0,88361,0,0,0,0,57524,66553,0,0,0,135617,0,335944,30447,182572,97344,138979,0,183952,0,0,0,0,0,0,0,84482,0,0,0,134460,0,190684,304520,0,0,0,0,0,0,428188,0,126055,0,0,170543,0,297139,0,0,0,344963
42,0,0,0,0,0,0,0,0,0,0,0,0,0,0,0,0,0,0,0,0,0,0,0,0,0,0,0,0,0,0,0,0,16298,0,0,0,55128,0,0,0,0,0,0,0,0,0,0,0,0,0,0,0,0,0,0,0,0,0,0,0,0,0,0,0,0,0,0,0,0,0,0,0,0,0,0,0,0,0,0,0,0,0,0,0,0,0,0,0,0,0,0,0,0,0,0,25744,0,0,0,0,0,0,0,0,0,0,0,0,0,0,0,0,0,0,0,0,0,0,0,124379,0,0,0,0,0,0,0,0,0,0,0,0,0,0,0,0,0,0,0,0,0,0,0,0,0,0,0,0,0,0,0,0,0,0,40496,0,0,0,0,0,0,0,0,0,0,0,0,0,0,0,0,0,0,0,0,0,0,0,0,0,0,0,0,0,0,0,0,0,0,0,0,0,0,0,0,0,0,0,0,0,0,0,0,0,0,0,0,0,0
43,0,0,0,0,0,0,0,0,0,0,0,0,0,0,0,0,0,0,0,0,0,0,0,0,0,0,0,79186,138933,97096,0,63525,0,0,0,0,0,0,0,0,0,0,0,91415,0,202695,0,0,0,0,0,0,0,0,0,0,0,0,0,0,0,0,161646,33226,98621,0,0,35796,0,0,0,0,0,0,32323,0,8058,0,0,53547,0,0,0,0,0,133799,0,0,0,0,0,0,0,0,0,0,0,0,0,0,0,0,0,0,0,0,0,0,0,0,0,0,0,0,0,0,0,0,159736,0,0,0,0,0,0,0,0,0,0,0,0,0,0,0,0,0,0,0,0,0,0,0,0,0,0,0,0,16205,0,0,0,0,0,0,0,0,0,0,0,0,0,0,0,0,0,0,0,124686,0,0,0,0,0,0,0,0,0,0,44818,0,0,0,0,109809,0,0,0,0,0,182461,0,41774,0,48101,43355,0,0,0,0,0,0,0,164688,0,26068,29365,0,0,0
44,0,0,0,0,0,0,0,0,0,0,0,0,51268,0,70226,0,0,0,0,0,0,0,0,0,0,0,0,0,0,0,0,0,0,0,0,0,0,0,0,0,0,0,0,0,0,0,0,0,0,0,0,0,0,0,0,0,0,0,0,0,0,0,0,0,0,0,0,0,0,0,0,0,0,0,0,0,0,0,0,0,0,0,0,0,0,0,0,49325,0,0,0,0,0,0,0,0,0,0,0,0,0,0,0,0,0,0,0,0,0,0,0,0,0,0,0,0,0,0,0,0,0,0,0,0,0,0,0,0,0,0,0,0,0,0,0,0,0,0,0,0,0,0,0,0,0,0,0,0,0,0,0,0,30946,0,0,0,0,0,0,0,0,0,0,0,0,0,0,0,20661,0,0,0,87936,0,0,0,0,0,0,0,0,30279,0,50953,0,37808,0,0,27851,0,0,0,0,0,0,0,0,0,0,0,0,0,0,0,0,0,0,69174,0
45,0,0,0,0,0,0,0,0,0,7953,0,0,0,0,0,0,0,0,0,0,0,0,0,0,0,0,0,0,0,0,0,0,0,0,0,0,0,0,12794,0,0,0,0,0,0,3681,0,0,0,0,0,0,0,0,0,0,0,0,0,0,0,0,0,0,0,0,0,0,0,0,0,0,0,0,0,0,0,0,0,13356,0,16682,0,0,7860,0,0,0,0,3144,0,4449,0,0,0,0,0,0,0,0,0,0,0,0,0,0,0,5723,0,0,0,15461,0,0,0,0,0,0,0,0,0,0,0,0,0,0,0,0,0,0,0,0,0,0,0,0,4705,0,0,0,0,0,6157,0,0,0,0,0,0,0,0,0,0,0,13784,0,0,0,0,6803,0,0,0,0,8005,0,0,0,0,0,0,0,0,0,0,0,0,0,0,0,0,0,0,7771,0,0,0,0,0,0,0,0,0,0,0,0,0,0,0,0,0,0,0,0,0,0,0,0,0
46,0,0,0,0,0,0,0,0,0,0,0,0,0,0,0,16281,0,32027,0,0,12071,0,0,0,0,0,0,0,0,0,0,0,0,0,0,0,0,0,0,0,0,0,0,0,0,0,0,0,0,0,0,0,0,0,0,0,0,0,0,0,0,0,0,0,0,0,0,0,8827,0,0,0,0,0,0,0,0,0,14747,0,0,0,0,0,0,0,0,0,0,0,9088,0,0,0,0,0,0,0,0,0,0,0,0,0,0,0,0,0,0,0,0,0,0,0,0,17212,0,0,0,0,0,0,0,0,0,0,0,0,0,0,0,0,0,0,11740,0,0,0,0,0,0,0,0,0,0,0,0,0,0,0,0,0,0,0,0,0,0,0,0,0,0,0,0,0,0,0,0,0,0,0,0,0,0,0,0,0,0,0,0,0,0,0,0,0,0,0,0,0,0,0,0,0,8837,0,0,0,0,0,0,0,0,27469,0,0,0,0,0,0,0
47,0,0,0,0,0,0,0,0,0,0,0,0,0,0,0,0,0,0,0,0,0,0,0,0,0,0,0,0,0,0,0,0,0,0,0,0,0,0,0,0,0,0,0,0,0,0,0,0,0,0,0,0,0,0,0,0,0,0,0,0,0,0,0,0,0,0,0,0,0,0,0,0,0,0,0,0,0,0,0,0,0,0,0,0,0,0,3152,0,0,0,0,4154,0,0,0,0,4266,2426,0,0,0,0,0,0,0,0,0,0,0,0,0,0,0,0,0,0,0,0,0,0,0,0,0,0,0,0,0,0,4176,0,1412,0,0,0,0,0,0,0,0,0,0,0,0,0,0,0,0,0,0,0,0,0,0,0,0,0,0,0,0,0,0,0,0,0,0,0,0,0,0,0,0,0,0,0,0,0,0,0,0,0,0,0,0,0,5880,0,0,0,0,0,0,0,2137,0,0,0,0,0,0,0,0,0,0,0,0,0,0,0,0
48,0,0,0,0,87883,0,0,0,0,0,0,0,0,0,0,0,0,0,0,0,0,0,0,0,0,0,0,0,0,0,0,0,0,0,0,0,0,0,13781,0,0,0,0,0,0,17402,0,0,0,0,0,0,52491,0,0,0,0,0,0,0,0,0,0,0,0,0,0,0,0,0,0,0,0,0,0,0,0,0,0,0,0,0,0,0,0,0,0,0,0,0,0,0,0,0,0,0,0,0,0,0,0,0,0,0,0,0,0,0,0,0,0,0,0,0,0,0,0,0,0,0,0,0,0,0,0,0,0,0,0,0,0,0,0,0,0,0,0,0,0,0,0,0,0,0,0,0,0,0,0,0,0,0,0,0,0,0,0,0,0,0,0,0,0,0,0,0,0,0,0,0,0,0,0,0,0,0,0,0,0,0,0,0,0,0,0,0,0,0,0,0,21998,0,0,0,0,0,0,0,0,0,0,0,0,0,0,0,0,14470,0
49,0,50505,0,0,0,194147,61116,0,0,500569,136273,0,128661,178797,0,513369,509522,0,496564,0,431899,256209,218554,76161,0,0,0,233449,233202,50997,0,0,0,0,194212,574745,237278,439351,506619,132695,238772,51329,350241,121946,58660,0,0,0,0,103637,0,205211,254663,379059,271955,0,255058,0,0,177361,260909,255900,82473,473181,0,398452,0,443244,476939,0,397745,506202,141110,0,371902,509931,493860,247432,0,0,226300,196420,503199,0,0,0,0,26093,472816,0,0,110619,0,249556,0,0,264694,358688,455081,415145,268509,0,0,570290,0,218559,525111,277906,219402,0,0,489210,291828,526674,141303,0,0,0,0,167855,0,499397,0,0,413206,286699,41238,276140,0,298035,0,0,242226,0,0,0,505588,0,281823,0,373160,0,0,194196,57454,427485,0,402370,605990,210560,509359,136544,414591,267407,239234,463796,0,136073,198896,0,230427,0,0,204471,0,232140,0,0,225188,467880,124754,194078,0,0,0,90317,264139,403914,0,427946,253291,221248,435194,0,548299,231247,0,232078,0,70247,450561,472107,231508,53714,441464,0,53187,56190,0,181661,270727,0,80714,0,0,224133,556801,212811,481689
50,0,0,0,0,0,0,0,0,0,0,0,0,0,0,0,0,0,0,0,0,0,0,0,0,0,0,0,192256,229029,0,0,0,0,0,0,0,0,0,0,0,134104,0,0,274298,0,0,0,0,0,0,0,0,0,0,0,0,0,0,0,0,0,0,0,0,0,0,0,0,0,0,0,0,0,0,0,0,0,0,0,0,25682,0,0,0,26259,0,64349,0,0,0,0,155480,0,0,0,0,128533,0,0,0,227603,0,59500,0,0,0,0,0,0,0,0,0,0,0,0,0,0,0,0,214242,0,0,0,0,0,0,0,0,0,0,0,0,0,0,0,207516,0,0,0,0,0,0,0,0,0,0,0,0,0,0,0,0,0,0,0,0,0,0,0,0,0,0,0,0,0,0,57053,0,0,0,0,0,0,0,0,0,0,0,0,0,0,0,0,0,0,0,0,0,0,97053,0,0,0,244350,0,184243,0,0,0,146273,0,0,0,0,0,0,0,0,0
51,0,179337,28623,71821,262407,23086,78858,47731,0,15126,236368,149056,0,69310,81215,0,0,253614,39895,34687,156643,86429,145042,16747,0,158546,177305,0,0,63557,76211,0,0,95694,116884,237891,56692,0,118445,64551,130301,36519,26458,0,74001,0,0,0,43236,38180,5855,119196,65503,27631,31101,36536,59758,25738,64443,27608,93607,165290,82905,0,174774,0,0,258652,0,380545,61964,71657,0,12739,48085,236791,70194,2999,210951,31363,0,204990,35900,43189,145571,37274,0,55811,263664,21318,100393,25830,0,0,23685,209655,157265,7880,4791,21392,75880,0,74731,100958,0,73833,188442,43664,16133,103156,54563,70447,0,0,62521,51333,0,0,68323,142013,0,31039,0,0,32868,0,28546,27431,26048,185756,85512,22207,0,79178,58164,41328,107069,52136,56571,11863,177834,0,73735,20571,0,75634,36127,112175,205067,67585,74651,118587,29846,0,191051,60578,98454,11227,19790,77810,176636,3829,0,228800,96771,12441,0,71462,226791,15250,38672,25750,0,54900,24947,103324,61028,50834,11094,37055,77540,0,115679,64898,108148,37108,81874,107403,0,113780,7182,185323,26943,49508,33817,0,26624,0,225190,0,0,471943,32185,0,0,0,75946,52623,93003
52,0,0,0,0,0,0,0,0,0,0,0,0,0,0,0,0,0,0,3223,0,0,0,0,0,0,0,0,0,5731,0,0,0,0,0,0,0,0,0,0,0,0,5314,0,0,0,0,0,0,0,18342,0,0,7391,0,0,0,0,0,0,0,0,0,0,0,0,0,0,0,0,0,0,0,0,0,0,0,0,0,154564,0,0,0,0,0,0,0,0,0,0,0,0,0,0,0,0,0,0,0,0,0,0,0,0,0,0,0,0,0,0,0,0,0,0,0,0,0,0,0,0,0,0,0,0,0,0,0,0,0,0,0,0,0,0,0,0,0,0,0,0,0,0,0,0,0,0,0,0,0,0,0,0,0,0,0,0,0,0,0,0,0,0,0,0,0,0,0,0,0,0,0,0,0,0,0,0,0,0,0,0,0,0,0,0,0,0,0,0,0,0,0,0,0,0,0,0,0,0,0,0,0,0,0,0,0,0,0,0,0,0
53,0,58310,0,0,129797,25282,47081,64737,0,118986,40441,55831,70828,0,51295,27852,0,0,113407,33759,96460,58575,89154,65868,58356,35774,44337,52919,0,0,0,33971,0,0,0,92192,52782,0,64579,60855,87919,0,0,61682,50120,0,0,60306,26949,53670,28477,0,42310,50122,0,0,58452,48944,0,41819,0,54302,145991,63233,38265,42787,101904,40974,68920,0,0,56174,33033,20709,54757,66864,109348,48158,48659,62523,48752,23754,48787,57230,126597,65982,113721,55768,154009,0,67654,0,53564,0,129058,0,0,31625,0,53170,109425,123268,0,57422,0,0,64433,0,27999,25802,50950,152366,0,0,33308,65446,0,12047,0,0,0,0,109948,0,51526,64795,36066,33122,41872,62678,48196,0,46916,92835,100378,39485,58828,58346,103279,47074,0,0,31033,45907,57418,35512,60770,0,0,0,66557,47718,53549,40742,99485,121848,57654,0,19484,57983,100267,0,0,77914,0,0,53619,46370,85423,0,58748,0,0,0,82184,59489,60152,44796,0,0,78273,79242,42997,0,0,91820,58623,0,60663,67849,48536,72320,54769,0,49600,42560,50059,0,62804,43674,0,68364,0,43209,0,0,96228,50003,52569
54,0,0,0,0,0,0,0,0,0,0,0,53752,0,0,0,0,0,0,0,0,0,0,0,0,0,18819,0,0,0,0,0,0,0,0,0,0,0,0,0,0,0,0,0,0,0,0,0,0,0,0,40231,0,0,0,0,0,0,0,0,0,0,0,0,0,0,0,0,64943,0,39428,0,0,0,0,0,0,0,0,0,0,0,0,0,0,0,0,0,0,0,0,0,0,0,0,0,44795,0,0,0,48831,0,0,0,0,0,0,0,0,0,0,0,0,0,0,0,0,0,0,0,0,0,0,0,0,0,0,0,0,0,0,0,0,0,0,0,0,0,0,0,0,0,0,0,0,0,0,0,0,0,46830,0,0,0,0,0,0,0,0,0,0,0,0,12629,0,49485,0,0,0,0,0,0,0,0,0,0,0,0,0,0,0,0,0,0,0,62473,0,0,0,0,62056,0,0,38517,0,0,0,0,0,0,0,0,0,0,0,0,27825,0,0,0
55,0,63484,0,115573,0,0,0,0,0,0,0,0,0,41521,0,0,0,0,0,0,0,0,0,57339,50935,0,0,43275,0,0,0,44825,0,49870,0,0,0,46641,0,0,0,32343,31025,0,53339,0,0,0,0,58692,0,29690,10005,0,40011,0,26121,45192,48742,0,0,0,48645,0,0,51591,0,0,0,0,0,57874,0,0,0,0,0,56946,60245,38868,0,0,0,0,0,0,0,61281,0,0,0,0,0,0,0,23016,28212,0,0,0,0,0,0,0,0,108315,0,49207,0,0,44623,0,69545,0,0,0,84190,0,0,0,40284,85666,0,0,0,0,0,0,0,0,0,0,0,0,0,48894,0,0,0,39898,0,0,0,46670,47445,0,0,0,38086,47562,0,31257,0,0,0,0,0,0,0,0,0,0,0,0,54748,51925,0,0,0,0,0,0,0,0,0,66151,0,0,0,53734,0,0,0,0,0,0,0,49854,60136,0,0,37566,0,0,0,0,0,50574,55747,33018,0,0,0,63669,44859,0,0,0,51054
56,0,0,0,0,0,0,0,0,0,0,0,0,0,0,0,0,0,0,0,0,0,0,0,0,0,0,0,0,0,0,0,0,0,0,0,0,0,0,0,0,0,0,0,0,0,0,0,0,0,0,0,0,0,0,0,0,0,0,0,0,34110,58427,0,0,0,0,0,0,0,0,0,0,0,0,0,0,0,0,0,0,0,0,0,0,0,0,0,0,0,0,0,0,0,0,0,0,0,0,0,0,0,0,0,0,0,0,0,0,0,0,0,0,0,0,0,0,0,0,0,0,0,0,0,0,0,0,0,0,0,0,0,0,0,0,0,0,0,0,0,0,0,0,0,0,0,0,0,0,0,0,0,0,0,0,0,0,0,0,0,0,0,0,0,0,0,0,0,0,0,0,0,0,0,0,0,0,0,0,0,47668,0,0,54712,0,0,0,0,0,0,0,0,0,0,0,0,0,0,0,0,0,0,50567,0,0,0,0,0,0,0
57,0,0,0,0,0,0,0,0,0,0,0,0,0,0,0,0,19960,0,0,0,0,0,0,21784,0,0,0,0,0,0,0,0,0,0,0,0,0,0,0,0,0,0,0,0,0,34419,0,0,0,0,39075,0,0,13427,0,0,0,0,0,0,0,0,0,0,0,0,0,0,0,0,0,0,11827,0,0,0,0,0,0,0,0,0,33721,16381,0,0,0,0,0,0,0,0,0,0,0,0,0,0,0,0,0,0,0,0,0,0,0,0,0,0,0,0,0,0,0,0,14716,0,0,0,0,0,0,0,0,0,0,0,2687,0,0,0,105395,0,0,0,0,0,0,0,0,0,0,0,0,0,0,0,0,0,0,0,0,0,0,0,0,0,0,0,0,12701,0,0,0,0,0,0,0,0,0,0,15951,0,7637,0,0,0,0,0,0,0,0,0,0,0,40095,0,0,0,0,0,0,0,0,0,0,0,0,0,0,0,0,0,0,0,0,0,0
58,0,0,0,0,0,0,0,0,0,0,0,0,0,0,0,0,63283,0,0,0,0,0,0,0,0,59432,0,0,31552,0,36638,0,0,0,0,0,0,0,0,0,0,0,0,0,0,0,0,0,42925,0,0,0,0,0,0,0,0,0,0,0,0,0,0,0,0,0,0,0,0,0,52646,0,0,0,0,0,0,0,0,0,0,0,0,0,0,44337,0,0,0,0,0,62733,0,14694,0,0,0,0,52175,0,0,0,0,68956,0,0,0,0,0,0,0,0,0,65339,0,0,0,0,53527,0,0,0,0,0,0,0,43537,0,0,0,0,0,0,0,0,0,0,0,0,0,0,0,0,0,0,0,0,46584,65864,0,0,0,0,0,0,0,0,0,0,0,0,0,0,0,0,0,0,0,0,0,28033,0,0,0,0,0,0,0,0,0,0,0,0,0,0,0,0,0,0,0,47061,0,0,0,49859,0,0,41687,0,0,0,0,58198,0,0,0,0,34569,0
59,0,0,0,0,0,0,0,0,0,0,0,0,0,0,0,0,0,0,0,0,0,0,0,0,0,0,0,0,0,0,0,0,0,50025,0,0,0,0,0,0,0,0,0,0,0,0,0,0,0,0,0,0,0,0,0,0,0,0,0,0,0,0,0,0,0,0,0,0,0,0,0,0,0,0,0,0,0,0,0,0,0,0,0,0,0,0,0,0,0,0,0,0,0,0,0,0,0,0,0,0,0,0,0,0,0,0,0,0,0,0,0,0,0,0,0,0,0,0,0,0,0,0,0,0,0,0,0,0,0,69795,0,0,0,0,0,0,0,0,0,0,0,0,0,0,0,0,0,0,0,0,0,0,0,0,0,0,0,33625,52912,0,0,0,0,0,0,0,0,0,0,0,0,0,0,0,0,0,44028,0,0,0,0,0,0,0,0,0,0,0,0,0,0,0,0,0,0,0,0,0,0,0,0,0,0,0,0,51828,0,0,0
60,0,0,0,0,0,0,0,0,0,0,0,0,0,0,0,0,0,0,0,0,0,0,0,0,0,0,0,0,0,0,0,0,0,0,0,0,0,0,0,0,0,0,0,0,0,0,0,0,0,0,0,0,0,0,0,0,0,0,0,0,0,0,0,0,0,0,0,0,0,0,0,0,0,0,0,0,0,0,0,0,0,0,0,53339,0,0,0,0,0,0,0,0,0,0,0,0,60840,48595,0,0,0,0,0,0,0,0,0,62843,0,0,0,0,0,0,0,62577,0,0,0,0,0,0,0,0,0,0,0,0,0,0,0,0,0,0,0,0,0,0,0,0,0,0,0,0,0,0,0,0,0,0,0,0,0,0,0,0,0,0,0,0,0,0,0,0,0,0,0,47506,0,0,0,0,0,0,0,0,0,49426,0,0,0,0,0,0,0,0,0,0,0,0,0,0,0,56234,0,0,0,0,0,0,0,0,0,0,0,0,0,0,0
61,0,0,0,0,0,0,0,0,0,0,0,0,0,0,0,0,0,0,0,0,0,0,0,0,0,0,0,0,0,0,0,0,0,0,0,0,0,0,0,0,0,49494,0,0,0,0,0,0,0,0,0,0,0,0,0,0,0,0,0,0,0,0,49698,0,0,0,0,0,0,0,0,0,0,0,0,0,0,0,0,0,0,0,0,0,0,0,0,0,0,0,0,0,56622,0,0,0,0,0,0,0,0,0,0,0,33457,0,40835,0,50487,58851,0,0,0,34845,0,0,0,32625,48735,0,0,0,0,0,0,0,0,0,0,0,0,0,0,0,0,0,0,0,0,0,0,0,0,0,0,0,0,0,0,0,0,0,0,0,0,0,0,9340,0,0,0,0,0,0,0,0,0,0,0,0,0,0,0,0,0,0,0,0,0,0,0,0,0,0,0,0,0,0,0,0,0,0,0,0,0,0,0,0,0,0,62731,0,33865,0,12504,0,0,0,0
62,0,0,0,0,0,0,0,0,0,8351,0,0,0,0,0,0,3915,0,0,0,0,0,0,0,0,0,0,0,0,0,0,0,0,0,0,0,0,0,0,0,0,0,0,0,0,0,0,0,0,0,0,0,0,0,0,0,0,0,0,0,0,0,0,0,0,0,0,3217,0,0,0,0,0,0,0,0,0,0,0,0,0,0,0,0,0,0,0,0,0,0,0,0,0,0,0,0,0,0,0,0,0,0,0,0,0,0,0,0,0,0,0,0,0,0,1691,0,0,0,0,0,0,0,3103,0,0,0,0,0,0,0,0,0,0,0,0,0,0,0,0,0,0,0,0,0,0,2162,0,0,0,0,0,0,0,0,0,0,0,0,0,0,0,0,0,0,0,0,0,0,0,0,0,0,0,0,0,0,0,0,0,0,0,0,0,0,0,3501,0,0,0,0,0,0,0,0,0,0,0,0,0,0,0,2477,0,0,0,0,0,0,0
63,0,0,0,0,0,0,0,12264,0,0,0,0,0,0,0,0,0,0,0,0,0,0,0,0,0,0,0,0,0,0,0,0,0,0,0,0,0,0,0,0,0,8084,0,0,0,0,0,0,0,0,0,0,0,0,0,0,0,0,8869,0,0,0,0,0,0,0,0,0,0,0,0,0,0,0,0,0,10675,0,0,0,0,0,0,0,0,0,0,0,0,0,0,0,0,0,0,0,0,0,0,0,0,0,0,0,0,0,0,0,0,0,0,0,0,0,0,0,0,0,0,0,0,0,9200,0,0,18824,0,0,0,15388,0,0,0,0,0,0,0,0,0,0,0,0,0,0,0,0,0,0,0,0,0,0,0,0,0,0,0,0,0,0,0,0,0,0,0,0,0,0,0,0,0,0,0,0,0,0,0,0,6292,9005,0,0,0,0,0,0,7549,0,0,0,0,0,0,0,0,0,0,0,0,0,0,0,0,0,0,0,0,0,0
64,0,0,0,0,0,0,0,0,0,0,0,0,0,0,0,0,0,0,0,0,0,0,0,0,0,0,0,0,0,0,0,0,0,0,0,0,0,0,0,0,7252,0,0,0,0,0,0,0,0,0,0,0,0,0,0,0,0,0,0,0,0,0,0,0,0,0,0,0,0,0,0,0,0,0,0,0,0,0,13608,0,0,0,0,0,0,0,0,0,0,0,0,0,0,0,0,0,0,0,0,0,0,0,0,0,0,0,0,0,0,0,0,0,0,0,0,0,0,0,8389,0,0,0,0,0,0,0,0,0,0,0,0,0,0,0,0,0,0,0,0,0,0,0,0,0,0,0,0,0,0,0,0,0,0,0,0,0,0,0,0,0,0,0,0,0,0,0,0,0,0,0,0,0,0,0,0,0,0,0,0,0,3702,0,0,0,0,0,0,0,0,0,0,0,0,0,0,6733,0,0,0,0,0,0,0,0,0,0,0,0,0
65,0,0,0,0,0,0,0,5832,0,0,0,0,0,0,0,0,0,0,0,0,0,0,0,0,0,0,0,0,0,0,0,0,0,0,0,0,0,0,0,0,0,0,0,0,0,0,4769,0,0,0,0,0,0,0,0,0,0,7238,0,0,0,0,0,0,0,0,0,0,0,0,0,0,0,0,0,0,0,5065,0,0,0,0,0,0,0,0,0,0,0,0,0,0,0,0,0,0,0,0,0,0,0,0,0,0,0,0,0,0,0,0,0,0,0,0,0,0,0,0,0,0,0,0,0,0,0,0,0,0,0,0,0,0,0,0,0,0,0,0,0,0,0,4453,0,0,0,0,5349,0,0,0,0,0,0,0,0,0,0,0,0,0,0,0,0,0,0,0,0,0,0,0,0,0,0,0,0,0,0,0,0,0,0,0,0,0,0,2847,0,0,0,0,0,0,0,0,0,0,0,0,0,0,0,0,0,0,0,0,0,0,0
66,0,0,0,0,0,0,0,0,0,0,0,4940,3549,0,0,0,0,0,0,0,8815,0,0,0,0,0,0,0,0,0,0,0,0,0,0,0,0,0,0,0,0,0,0,0,0,0,0,0,0,0,0,0,0,0,0,0,0,0,0,0,0,0,0,0,0,0,0,0,4447,0,0,0,0,0,0,0,0,0,0,0,0,0,0,0,0,0,0,0,0,0,0,0,0,0,0,0,0,0,0,0,0,0,0,0,0,0,0,0,0,0,0,0,0,0,0,0,0,0,0,0,0,0,0,0,0,0,0,0,0,0,0,0,0,0,0,0,0,0,0,0,6873,0,4633,0,0,0,0,5460,0,0,0,0,0,0,3889,0,0,0,0,0,0,0,0,0,0,0,0,0,0,0,0,0,0,0,0,0,0,0,0,0,0,0,0,0,0,0,0,0,0,0,0,0,6277,0,0,0,0,0,0,0,0,0,0,0,0,0,0,0,0
67,0,0,0,0,18939,0,0,0,3543,0,0,0,0,0,0,8812,0,0,0,0,0,0,0,4572,0,0,0,0,2983,0,0,0,3320,0,0,8115,0,0,3596,0,0,0,9600,0,0,8513,0,0,4209,14910,0,0,0,0,0,0,0,0,0,0,0,0,7290,0,0,0,0,0,0,0,0,0,0,0,0,0,9029,0,0,0,0,0,0,0,0,0,18475,0,7363,0,0,0,0,0,3591,0,0,0,0,0,0,0,0,7586,5580,0,0,0,0,0,0,0,0,0,0,0,17909,0,0,0,0,0,0,0,6990,0,0,0,0,0,0,0,0,0,0,0,0,0,0,0,0,0,0,0,0,0,0,0,0,0,5076,0,0,0,0,0,3503,10112,0,0,0,0,15545,0,0,0,0,0,0,0,0,0,0,5300,10514,14251,0,0,2283,0,0,0,0,0,0,0,0,0,0,14652,8256,4079,4570,0,0,0,0,2885,0,0,0,0,7421,16181,0,0,0,11694,4575
68,0,0,0,0,0,0,0,0,0,36298,0,26887,0,0,0,0,24144,0,0,0,0,20474,20543,20685,22866,0,0,0,11249,0,0,0,0,0,14861,0,18483,0,0,0,0,19370,17357,6311,0,12952,10564,0,0,0,6833,3476,0,0,0,15544,0,19690,0,12793,0,0,0,15336,0,22267,44871,21181,0,0,0,8281,0,0,0,0,0,0,0,0,0,12555,0,0,0,14042,0,19890,14713,0,22475,0,12432,0,0,0,0,0,0,0,0,0,0,0,0,0,22763,0,0,0,14195,0,0,0,16320,0,0,0,0,0,0,25236,0,16440,0,0,5778,0,0,18340,0,0,0,0,0,0,0,32758,20330,0,0,0,0,19533,18565,0,0,0,23465,0,18277,0,0,0,12406,0,0,0,0,0,0,0,0,0,20433,0,7084,0,0,26668,3850,12970,0,12055,0,40640,1674,0,0,0,13462,0,19418,0,0,23314,18041,0,0,0,21278,18640,0,0,0,0,0,0,0,0,0,22838,0,0,0,0,0,0,0
69,0,0,0,0,0,0,0,0,0,0,0,0,0,0,5949,0,0,0,0,0,0,0,30853,0,0,0,0,0,0,0,0,0,0,0,0,0,0,0,0,0,0,0,0,0,0,0,0,0,0,0,0,0,0,0,0,0,0,0,0,0,0,0,0,0,0,0,0,0,0,27797,0,0,0,0,0,0,0,0,58163,0,0,0,0,0,4825,0,60670,0,0,0,12986,0,0,0,12514,0,0,0,0,0,0,4925,0,9763,0,9560,0,0,0,0,0,0,0,0,0,0,0,0,0,0,0,0,0,0,0,0,0,0,0,0,0,0,0,0,0,0,0,0,0,0,0,0,0,0,0,0,0,0,3887,0,0,0,0,0,0,0,0,0,0,0,0,0,0,0,0,0,0,0,0,0,0,0,0,0,0,0,0,0,0,0,0,0,0,0,0,0,0,54327,0,0,0,0,0,0,0,0,0,0,99433,0,0,0,0,0,0,0,0,0,0
70,0,0,0,0,0,0,4666,0,0,0,9479,0,0,0,0,0,0,10804,0,0,0,0,0,0,0,0,0,0,0,15943,0,0,0,0,0,0,0,0,0,0,0,0,0,0,0,0,0,0,0,2142,0,0,0,0,0,0,0,0,0,0,0,0,0,0,0,0,0,0,80038,0,0,0,0,0,0,85471,0,0,0,0,0,0,0,0,0,0,0,4746,0,0,0,40316,0,0,0,0,0,0,0,0,0,0,0,0,0,0,0,0,0,0,8171,0,5379,0,5235,0,0,46255,0,0,0,0,0,0,0,0,0,0,0,0,0,0,0,0,0,0,0,96496,0,0,0,0,0,0,0,0,0,6249,0,0,2041,0,0,0,0,0,0,0,0,0,0,0,0,89198,0,0,72126,0,0,0,81740,0,0,0,0,0,3707,0,0,0,7320,7472,151175,0,0,0,0,0,0,0,0,0,0,0,0,0,1398,0,0,0,0,53588,0,0,0,80468,0,0,5233
71,0,0,0,0,0,0,6308,0,0,0,0,0,0,0,0,6321,0,0,0,0,0,0,0,0,0,0,0,0,0,0,0,0,0,0,0,0,0,0,0,0,0,0,0,0,0,0,0,0,0,0,0,0,0,0,0,0,0,0,0,0,0,0,0,3347,0,0,0,0,0,0,0,0,0,0,0,0,0,0,0,0,0,0,0,0,0,0,0,0,0,0,0,0,0,0,0,0,0,0,0,0,0,0,0,0,0,0,0,0,0,0,0,0,0,0,0,0,0,0,0,0,0,0,0,0,0,0,0,0,0,0,0,0,0,0,0,0,0,0,0,0,0,0,0,0,0,0,0,0,0,0,0,0,0,0,0,0,0,0,0,0,0,0,0,0,0,0,0,0,0,0,0,0,0,0,0,16775,0,0,0,0,0,0,0,0,0,0,0,6518,0,0,0,8735,0,0,0,0,0,0,0,0,0,0,0,0,0,0,0,0,0
72,0,0,0,0,0,0,33791,0,0,0,0,0,0,0,0,114596,0,0,0,0,0,0,0,0,61552,43170,0,0,0,0,0,61381,0,0,0,0,0,25873,0,0,51093,0,0,46290,0,37719,0,0,0,49842,0,0,0,0,0,0,0,48367,0,0,0,0,50446,0,0,0,0,0,0,0,0,63139,0,0,0,0,0,0,21605,48049,0,0,0,0,58249,0,0,0,0,0,0,0,0,0,0,0,5493,0,0,0,0,0,0,0,0,14653,0,0,0,0,0,0,0,0,0,0,0,0,0,0,26114,0,0,0,0,0,0,0,0,0,0,0,23197,0,0,0,0,0,8694,0,0,0,0,0,0,0,0,0,0,0,0,0,15622,0,0,0,18161,0,0,0,0,0,40117,0,0,0,0,0,0,0,0,0,0,0,0,0,0,0,25566,0,0,0,0,0,0,0,0,0,0,0,0,0,15944,0,0,0,0,0,0,0,0,0,0,0,0,0,0,72769,0
73,0,0,0,0,5950,0,0,0,0,0,0,0,11865,0,63572,0,0,0,0,0,0,0,0,0,0,0,0,0,0,0,0,47045,0,0,0,0,0,0,0,0,0,0,0,0,0,0,0,0,0,0,0,0,0,0,0,0,0,0,0,0,0,0,0,0,0,0,45520,0,0,0,0,0,0,0,0,22969,0,0,0,0,0,0,0,0,0,0,0,0,0,0,0,0,0,0,0,0,0,0,26261,0,0,0,0,0,0,0,0,0,0,0,0,0,0,0,0,0,0,0,0,0,0,0,0,0,0,0,0,0,0,0,0,0,0,0,0,0,0,0,0,0,0,0,0,0,0,0,0,0,0,0,0,0,0,0,0,0,0,0,0,0,0,0,0,0,0,0,0,0,0,0,0,0,0,0,0,0,0,0,0,0,0,0,0,0,0,0,0,0,0,0,0,0,0,0,0,0,0,0,0,0,0,0,0,0,0,0,0,0,0
74,0,0,0,0,0,0,0,0,0,0,0,0,0,0,0,0,0,0,0,0,0,0,0,0,0,0,0,0,0,0,0,0,0,0,0,0,0,0,0,0,0,0,0,0,0,0,0,0,0,0,0,0,0,0,0,0,0,0,0,0,0,0,0,0,0,0,0,0,0,0,0,0,0,0,0,0,0,0,0,0,0,0,0,0,0,0,0,0,0,0,0,0,0,0,0,0,0,0,0,0,0,0,0,0,0,0,0,0,0,0,0,0,0,0,18150,0,0,0,0,0,0,0,51118,0,0,0,0,0,0,0,0,0,0,32659,0,0,0,0,0,0,0,0,0,0,0,0,0,0,0,0,0,0,0,0,0,0,0,0,0,0,0,0,0,14161,0,0,0,0,0,0,0,0,0,0,0,0,0,0,0,0,13288,0,0,0,0,0,0,0,0,0,0,0,0,0,0,0,0,0,0,0,0,0,0,0,0,0,0,22441,0
75,0,0,0,0,0,0,0,0,0,0,0,0,0,0,0,0,0,0,0,0,0,0,0,0,0,0,0,0,92999,0,0,0,0,0,0,0,0,0,0,0,0,0,0,0,0,0,0,0,0,0,0,0,0,0,0,0,41792,0,0,0,0,0,0,0,0,76789,0,0,0,0,75240,0,0,0,0,0,0,0,0,0,0,0,0,0,0,0,0,0,0,0,0,0,0,0,0,0,0,68451,0,0,0,0,25412,0,0,0,0,0,0,0,0,0,0,0,0,0,0,0,0,0,0,0,0,0,0,0,0,0,0,0,0,0,0,0,0,0,0,0,0,0,0,0,0,0,0,0,0,0,0,73046,0,0,0,0,0,0,0,0,0,0,0,0,0,0,0,0,0,0,0,0,0,0,0,0,0,0,0,0,0,0,0,0,0,0,0,84248,0,0,0,0,0,0,0,0,0,0,0,0,0,0,0,0,0,0,0,0,0,0,0
76,0,0,35289,433511,0,0,0,51332,0,94620,0,0,0,0,0,0,0,6497,0,6856,0,0,0,0,380367,0,36027,0,478927,0,12548,16235,0,34593,0,0,0,0,89865,0,0,7898,0,438526,0,0,22612,0,0,422949,0,0,0,35870,0,0,0,0,10831,0,0,0,0,0,31775,0,0,4314,35551,0,0,0,0,0,0,11913,0,0,0,30259,0,0,0,377955,0,16802,0,0,0,0,38463,0,0,0,37924,0,12106,0,255006,0,0,0,57984,0,0,0,81009,0,281682,0,0,43031,0,0,0,0,0,0,0,98539,0,0,124572,0,0,0,22149,0,0,0,0,0,0,0,0,0,0,0,0,0,0,0,0,0,0,12586,0,0,0,0,0,0,44404,11877,0,0,13366,0,0,41002,7204,0,9971,13679,0,0,12556,0,4861,0,0,0,0,0,0,13692,0,0,0,0,60735,0,0,69815,0,0,0,94184,0,0,0,0,40607,0,0,13574,0,0,12274,0,0,58257,0,0,0,0,76310,0,0
77,0,0,106190,193210,183885,0,249108,94659,129131,0,17976,189880,603231,7286,173285,124115,146344,0,110048,178105,61210,0,77133,206147,160199,118827,86815,31653,77700,121623,0,455344,0,165792,141529,132349,0,500448,90324,0,23157,178958,52192,104504,162660,94428,116075,203195,160850,185831,72390,80780,111662,0,0,109637,0,103272,249708,0,34899,0,664810,145862,98434,122966,210005,0,27750,0,130118,163265,118263,91956,0,74001,44776,166857,127048,144221,190796,0,92525,99231,148355,115680,91420,125753,0,157834,149354,0,234456,0,28807,0,72276,0,66082,46025,126107,346093,246522,0,86669,79028,99619,29399,76938,0,184303,0,95359,41073,53252,214578,43486,0,90351,78255,110941,12907,284373,26859,82546,93468,91637,38451,131975,133446,141839,0,66748,112051,163020,137665,126753,0,155972,132120,0,183593,162558,24883,323913,0,171613,118081,42235,129173,141749,0,0,0,0,104504,162474,43078,39228,21348,162263,0,125666,37882,108912,0,0,274034,0,92608,9318,81399,392278,77368,67721,311794,154970,83329,174704,73132,32996,160705,0,0,0,124751,167730,149908,64644,367512,142152,62069,52226,0,111648,0,0,79751,300567,79338,0,0,107325,203659,91435,50481,169150,124955,56930
78,0,0,0,0,0,0,0,0,0,0,0,0,0,0,0,0,0,0,0,0,0,0,0,0,0,0,0,0,0,0,0,0,0,0,0,71445,0,0,0,13644,0,0,0,0,0,0,0,0,0,0,0,0,117700,0,0,0,0,0,0,0,0,0,0,0,0,0,0,0,0,0,0,0,0,0,0,0,0,0,0,0,0,0,0,0,0,0,0,0,0,0,0,0,0,0,0,0,0,0,0,0,0,0,0,0,0,0,0,0,0,0,0,0,0,0,0,0,0,0,0,0,0,0,0,0,0,0,0,0,0,0,0,0,0,0,0,0,0,0,0,0,0,0,0,0,0,0,0,0,0,0,0,0,0,0,0,0,0,0,0,0,0,0,0,0,0,0,0,0,0,0,0,0,0,0,0,19580,0,0,0,0,0,0,17445,0,0,0,0,0,0,0,0,0,0,0,0,0,0,0,0,0,0,0,0,0,0,0,0,0,0
79,0,0,0,0,0,0,0,0,0,0,0,0,0,0,0,0,46659,0,0,0,0,0,0,0,0,0,0,0,0,0,0,0,0,0,0,0,0,0,0,0,0,0,0,0,0,0,0,0,0,0,0,0,0,0,0,0,0,0,0,0,31156,0,0,0,0,0,0,0,0,0,0,0,0,0,0,0,0,0,0,0,0,0,0,0,0,0,0,0,0,0,0,0,0,0,0,0,0,0,0,0,0,0,0,0,0,0,0,0,0,0,0,0,0,0,0,0,0,0,0,0,0,0,0,0,0,0,0,0,0,0,0,0,0,0,0,0,0,0,0,0,0,0,0,0,0,0,0,0,0,0,0,0,0,0,0,0,0,0,23009,0,0,0,0,0,0,0,0,0,0,0,31754,0,0,0,0,0,0,0,0,0,0,0,0,0,0,11306,0,0,0,0,0,0,0,0,0,0,0,0,0,0,0,0,0,0,0,0,0,0,0
80,0,0,0,0,0,0,0,0,0,0,0,0,0,0,0,0,0,0,0,0,0,65155,0,0,0,0,0,0,0,0,0,0,0,0,0,0,0,0,5304,0,0,0,0,0,0,0,0,0,0,0,0,0,0,0,0,0,0,0,0,0,0,0,0,0,0,0,0,0,0,0,0,0,0,0,0,0,0,0,0,0,0,0,0,0,0,0,0,0,0,0,0,0,0,0,0,0,0,0,56034,0,0,0,0,0,0,0,0,0,0,0,0,0,0,0,0,0,93550,0,0,0,0,0,0,0,0,0,0,0,0,0,0,0,0,0,0,0,0,0,0,0,0,0,0,0,0,0,0,0,0,0,0,0,0,0,0,0,0,0,0,0,0,0,0,0,0,0,0,0,0,0,0,0,0,0,0,0,0,0,0,0,0,0,0,0,53471,0,0,0,0,0,0,0,0,0,0,0,0,0,0,0,0,0,0,0,0,0,0,0,0
81,0,105146,14758,0,25723,28567,0,14499,0,0,0,94434,0,41564,42194,0,32945,0,46562,0,37377,85417,62100,10824,0,5418,8609,0,0,0,18969,0,16994,20585,14034,30455,12550,2608,84483,0,110105,0,123189,0,0,0,0,0,0,7463,0,0,18092,0,0,0,20559,0,0,8706,0,11091,0,71866,0,0,0,106690,21948,0,4717,0,0,0,26074,18383,0,14988,27388,49947,5206,13762,19228,2404,10582,0,0,53229,46063,18689,0,5219,0,188012,32348,48607,35553,178946,13111,0,20524,0,0,53276,0,138170,46568,50255,0,27341,80833,82301,1531,15788,2899,95071,117115,121795,54656,0,2667,221945,0,0,0,6365,0,0,18482,14415,39125,35559,23254,15856,0,0,27883,92963,23112,6273,0,0,0,0,0,39312,10822,5280,52219,2534,0,10852,138501,9970,0,0,10602,9926,12526,21773,6041,0,8725,94241,29857,0,110530,0,29061,0,53625,4623,0,0,4412,7132,13356,22350,10839,0,49469,0,11927,0,16585,24026,8416,19764,66989,8904,0,51196,0,38014,10064,114785,43393,5712,0,0,17843,0,12050,23815,11954,37809,10215,15720,0
82,0,20793,0,0,0,2224,0,0,0,0,0,25113,0,0,3763,0,2320,0,2791,0,4823,7848,1847,20829,0,0,0,0,0,0,0,0,16729,0,0,10424,0,0,15395,0,15912,0,20079,0,0,0,0,0,2808,0,0,0,0,0,0,0,0,0,0,0,0,0,0,12834,0,0,0,16255,21781,0,0,0,0,0,0,0,0,0,12785,8546,0,0,5266,0,0,0,0,7856,44882,0,0,0,0,0,20642,0,9326,9559,0,0,0,0,0,15130,0,16504,7255,16989,0,2642,4366,25575,0,0,0,22065,5665,7896,16367,0,0,20801,0,0,0,0,0,0,0,0,0,0,15128,0,0,0,6155,19232,0,0,0,0,0,0,0,3079,20721,0,6906,0,0,0,11362,2425,0,0,2487,0,0,8346,0,0,0,0,9879,0,14094,0,0,0,0,0,0,0,0,0,0,0,0,0,3420,0,0,0,12398,0,0,0,14959,7717,0,8610,0,3493,0,14042,8787,0,0,0,0,0,11116,0,1847,0,2719,0,0
83,0,4635,0,0,10241,0,0,2712,0,0,0,12782,0,2575,0,0,8059,0,9661,0,4513,15657,0,2649,0,0,0,0,0,0,7303,0,0,0,0,7513,2342,0,20592,0,6978,0,18351,0,0,0,0,0,0,13834,0,0,0,0,0,0,8438,0,0,0,0,0,0,8308,0,0,0,7526,2126,0,0,6460,0,0,0,0,0,0,6026,4808,0,0,6450,0,0,0,0,4158,4845,0,0,0,0,26717,0,16806,6342,0,0,0,0,0,0,4259,0,0,4807,0,0,0,1699,0,0,4443,0,0,14660,5828,6773,0,0,7983,0,0,0,0,0,0,0,0,7093,3447,0,0,0,0,0,0,2389,0,0,0,0,0,0,0,6992,0,13926,0,0,0,7590,0,0,0,0,7501,0,3227,0,4423,0,18660,2513,0,3035,0,0,0,6631,0,0,4070,0,0,0,0,0,0,0,0,0,0,10377,1782,0,0,0,6227,0,5777,0,2181,0,0,2748,0,0,0,0,2572,9621,3200,8291,2179,0,0,0
84,0,60826,29946,117895,0,0,0,9671,0,0,0,0,0,0,54454,0,0,0,0,0,0,9451,0,0,0,0,0,26667,0,0,0,0,0,45109,0,0,0,0,0,0,0,0,0,0,0,0,0,0,0,0,58981,0,0,0,0,0,0,0,0,0,0,0,0,0,0,0,45969,0,0,66269,0,0,17140,0,19555,0,0,0,0,0,0,43548,0,0,0,0,45923,0,0,0,0,0,19175,0,0,0,0,0,0,0,0,0,0,0,0,0,0,0,0,0,0,0,0,0,0,0,72277,14153,0,0,47959,0,0,0,0,0,0,0,0,0,0,0,0,0,0,52457,0,12196,0,0,0,0,0,0,0,0,0,0,0,0,0,0,0,0,54287,0,0,0,0,0,0,0,0,0,0,0,0,0,0,0,0,0,36340,0,0,0,0,0,30327,52984,0,59997,0,0,0,0,0,0,0,134943,0,0,0,49464,69695,0,0,0,0,41738,0,0,0,64830,0,0,42650,0,0
85,0,0,0,0,0,0,0,26327,0,0,0,0,0,0,0,0,0,0,0,0,0,0,0,0,0,0,0,0,0,0,0,0,0,0,0,0,0,0,0,0,0,0,0,0,0,0,0,0,0,0,0,0,0,0,0,0,0,0,0,0,0,0,0,0,0,0,0,0,0,0,0,0,0,0,0,0,0,0,0,0,0,0,0,0,0,0,0,0,0,0,0,0,0,0,0,0,0,0,0,0,0,0,0,0,0,0,0,0,0,0,0,0,8186,0,0,0,0,0,0,0,0,0,0,0,0,0,0,0,0,0,0,0,0,0,0,0,0,21062,0,0,0,0,0,0,0,24920,0,0,0,0,0,0,0,0,0,0,0,0,0,0,0,0,0,0,0,0,0,0,0,0,0,0,0,0,0,0,0,0,0,0,0,0,0,0,0,0,0,0,0,0,0,0,0,0,0,37451,0,0,0,0,0,0,0,0,0,0,0,0,0
86,0,0,0,0,0,0,0,0,0,0,0,0,0,0,0,0,0,0,0,0,0,0,0,0,0,0,0,0,0,0,0,0,0,0,0,0,0,0,0,0,14550,0,0,0,0,0,0,0,0,0,0,0,0,0,0,0,0,0,0,0,0,0,0,0,0,0,0,0,0,0,0,0,0,0,0,0,0,0,0,0,0,0,0,0,0,0,0,0,0,0,0,0,0,21250,0,0,0,0,0,0,0,0,0,0,0,0,0,0,0,0,0,0,0,0,0,0,0,0,0,0,15890,0,0,0,21948,0,0,0,0,0,0,0,0,0,0,0,0,0,0,0,0,0,0,0,0,0,0,0,0,0,0,8556,0,0,2340,0,0,0,0,0,0,0,0,0,0,0,0,0,0,0,0,0,0,0,0,0,0,0,0,0,0,0,0,0,0,0,0,0,0,0,0,0,0,0,0,0,0,0,0,0,0,0,0,0,0,0,0,0,0
87,61666,0,80914,42450,0,0,0,0,0,70760,0,76916,66794,0,0,96893,0,74387,5607,59344,105910,40080,0,16634,41699,0,0,22902,0,0,0,0,0,0,41496,137168,0,104422,83227,0,0,71415,0,30460,0,0,0,0,0,0,151984,55157,50396,43315,0,72797,23157,0,0,0,31522,64706,23288,0,0,0,0,93808,52617,0,0,0,0,0,0,0,18452,0,68133,35836,100858,79884,0,0,132140,0,0,3564,67677,33365,21937,0,0,0,0,0,0,14444,0,32520,8034,0,0,25534,0,0,0,0,0,0,71762,26538,0,55500,0,11543,159781,0,0,282243,0,26022,25732,0,0,85613,144364,0,0,311454,22510,6673,0,32393,0,132827,62509,0,27245,0,55453,0,63732,133307,0,15329,0,47386,0,65243,0,0,0,0,69182,0,50883,0,0,0,126914,32268,0,67438,102020,0,109988,203221,0,0,0,0,46748,0,0,122850,0,0,0,76635,38287,72754,60186,42193,19660,169908,0,54318,0,0,0,0,57177,27545,88428,27263,18677,47049,0,27952,0,11623,25531,0,0,0,0,88069,0
88,0,0,12468,0,0,0,29603,0,0,0,0,0,12166,0,0,0,0,0,0,0,0,159658,0,0,0,0,0,0,0,0,0,0,0,0,0,0,0,0,0,0,80568,0,0,0,0,0,11571,0,0,0,37161,0,0,0,0,0,0,0,0,0,0,0,0,0,0,0,0,0,0,0,0,0,0,0,0,0,0,21757,0,0,0,0,0,0,0,0,0,0,29232,0,0,0,0,0,0,0,0,10374,0,0,75236,0,0,0,0,0,0,0,0,0,0,0,0,0,0,0,38045,0,0,0,0,0,0,0,0,0,0,0,0,0,0,0,0,0,47038,0,0,0,0,0,0,0,0,0,0,8498,0,0,0,0,0,0,0,0,0,0,0,0,0,0,0,0,13642,22690,0,0,0,0,0,0,0,0,0,0,0,0,0,0,0,0,0,0,0,0,0,0,13571,6088,0,0,0,0,0,0,0,0,0,10059,0,0,0,0,0,0,0,0,0,0,0
89,167134,510374,312413,0,1208716,215895,853423,301893,152615,574866,0,455667,216458,319191,355132,580942,812346,0,168265,367285,309760,151708,518300,329100,471394,730119,517117,56739,233687,318752,622388,141587,88581,378292,362063,1265396,275750,655577,638572,187046,656305,359578,373193,411271,557369,408101,117767,220982,333447,290037,490287,482999,244695,267585,309475,330682,242794,217700,313157,376269,282225,205955,0,205298,494487,249416,267267,764554,531010,0,616884,0,119769,149888,231407,895372,585004,456226,297962,388562,739426,0,517090,431945,858773,340654,206742,594659,373285,66218,236024,308998,114168,155966,421600,0,593510,325966,564101,243979,701851,210292,234705,182599,153192,306789,523757,120912,330474,172440,296780,59314,83764,343343,0,694829,208813,226549,782056,695612,190461,443539,495169,122526,405400,551677,377974,196356,318037,730629,187495,295384,0,334184,639066,307968,449315,78544,294034,218634,525054,46780,165771,614008,232795,480874,373929,464774,891228,402638,369160,165085,381438,117613,0,622260,508582,159776,52822,339516,627407,116407,260688,322276,571605,174586,305841,569055,440074,448538,420015,455953,277304,0,362034,455260,366501,308867,163355,232203,433676,311264,205664,340629,412652,359593,231421,249547,196318,1057965,279981,689551,333930,476589,400975,188728,254243,627914,657444,274261,734595,950875,356591,428876,89164,387329,296874,696138,485892
90,0,0,0,0,0,0,47934,0,0,36101,0,0,0,17884,0,0,0,0,0,0,0,0,0,0,0,0,0,0,0,0,0,0,0,0,0,0,0,0,0,0,0,0,0,0,0,0,0,0,0,0,0,0,0,0,28324,13043,0,0,0,0,0,0,0,0,0,0,0,0,0,0,0,0,0,0,13697,0,0,0,7047,0,0,0,0,0,0,0,0,0,0,0,0,0,0,0,0,0,0,0,0,0,0,0,0,21146,0,0,24665,0,0,0,0,0,0,20063,0,62970,0,0,0,23992,0,0,0,0,8902,0,0,0,0,0,0,0,0,0,30609,0,0,0,0,0,13049,0,0,0,0,0,0,0,0,0,0,0,0,0,0,0,0,0,0,0,30187,0,0,0,0,0,19836,0,0,0,0,0,0,0,0,0,0,0,0,0,0,0,0,0,0,0,0,0,5706,0,0,27431,0,0,0,0,0,0,0,0,0,0,0,0,0,0,0,0,0
91,69224,0,0,0,0,0,0,0,0,0,0,0,0,0,0,0,0,0,0,0,231532,0,0,0,0,0,0,94198,0,0,0,95526,0,0,0,0,0,0,0,0,0,0,0,0,0,0,0,0,0,108518,0,0,265063,0,0,0,0,228823,0,0,0,316662,0,0,0,0,0,0,0,0,0,0,0,0,223159,0,0,0,0,0,0,0,0,0,0,0,0,0,0,111751,0,0,105964,0,0,0,0,0,0,0,0,0,170272,248012,0,0,0,135431,0,136931,0,286175,171005,0,0,0,218407,0,0,0,0,0,0,40553,0,0,0,0,0,0,0,0,0,0,0,0,0,132108,217777,0,0,0,184538,0,0,0,0,95579,0,0,0,0,0,0,0,0,0,0,156103,0,0,0,0,0,0,0,0,0,0,0,0,0,0,0,0,0,0,0,171295,167254,0,0,206422,0,0,394999,239157,246901,84041,0,0,0,0,0,0,0,0,0,0,0,0,0,0,0,58278,0,0,0,0
92,0,0,0,0,0,0,0,0,0,0,0,0,0,0,0,0,0,0,0,0,0,0,0,0,0,0,0,0,0,0,0,0,0,0,0,0,0,0,0,0,0,44332,0,0,0,0,0,0,0,0,0,0,0,0,0,0,0,0,0,0,0,0,0,0,0,0,0,0,0,0,0,0,0,0,0,0,0,0,0,0,0,0,0,0,0,0,0,0,142191,0,0,0,0,0,0,0,0,0,0,0,0,0,0,0,0,0,0,0,0,0,0,0,0,0,0,0,0,0,0,0,0,0,0,0,58499,0,0,60725,0,0,0,0,0,0,0,0,0,0,0,0,0,0,0,0,0,0,0,0,0,0,0,0,0,0,0,0,0,0,0,0,0,0,0,0,0,0,0,0,0,0,0,0,0,0,0,0,0,0,94847,0,0,41221,0,0,0,0,0,0,0,0,0,0,0,0,0,0,0,0,0,0,0,0,0,0,0,0,0,0,0
93,0,0,0,171678,0,0,99520,77377,0,0,0,0,0,0,0,0,0,0,0,49804,0,0,0,0,0,34064,0,0,118006,0,7042,14344,29761,0,137896,87064,0,0,124216,48163,17066,5501,0,0,0,31535,0,0,0,17261,0,0,8705,30645,0,0,0,64747,0,68041,35058,0,0,0,29477,0,0,0,0,60876,60421,0,0,36423,0,68346,0,0,0,18803,66472,15486,31349,54115,121274,49144,3268,66965,11767,0,172418,7228,0,33918,19599,0,75312,53889,0,90154,73470,0,0,93214,0,0,0,85322,13670,0,0,8791,0,4129,41634,123103,0,15953,0,0,0,0,72090,0,0,54749,0,0,0,88916,0,3746,0,122156,80755,0,24060,0,8633,8820,18156,0,42280,0,15800,64358,0,0,0,43753,0,11208,35492,13319,29042,0,126770,0,17792,81981,25381,0,0,0,226876,0,31465,6498,0,0,37342,56894,0,0,0,0,0,0,0,0,38559,0,0,0,0,27251,83375,0,15410,60931,20063,0,81061,73200,0,19116,0,0,0,0,4901,0,0,0,75405,25866,100838,0,0
94,293648,47970,300681,825295,1030372,0,950781,131467,153526,134812,0,99467,229855,15453,528710,739987,674209,1095158,181665,399191,501016,320942,107783,647473,930651,494660,382557,577061,1034216,990601,460798,730151,407438,472450,393794,0,549478,474672,91143,284516,313400,464901,667271,807163,655199,848773,232799,277313,693693,0,531257,401534,781616,11341,219813,504629,214591,692903,439873,643398,173068,107071,657462,259834,73484,409925,525571,551127,595036,427609,0,838387,456455,434931,776501,564614,820005,0,749912,517288,264347,197124,12738,262734,642900,609718,469189,0,584743,238205,728097,166815,304067,233353,632788,407625,575252,318386,752158,768797,662383,334340,597253,633477,46453,0,61281,566954,774563,135025,439908,247369,572517,599657,372227,362605,0,154948,556788,499684,0,627812,821542,497256,175187,810263,415692,164146,405881,15575,208948,129176,475205,279907,211227,376167,509133,581462,210042,364209,248095,574377,493482,741010,0,347444,902787,475567,297560,91482,74563,179545,284122,292957,288151,645333,38318,306358,392206,590968,482420,13807,50490,442318,960502,365201,232706,555629,452073,559764,453288,279287,180885,543926,0,981159,401850,268702,290062,240007,326717,169875,266985,333990,932729,500022,67225,349037,274295,1442875,975673,0,262233,312075,1175,533486,226107,1029796,426453,0,715341,600181,55502,683902,737180,189667,447578,366185,475020
95,0,0,0,0,0,0,0,0,0,0,0,0,0,0,0,0,0,0,0,0,4658,0,0,0,102297,0,0,0,0,0,0,0,0,0,0,0,0,0,0,0,0,0,0,0,0,0,0,0,0,0,0,0,0,0,0,0,0,0,0,0,0,0,6659,0,0,0,0,0,0,0,0,0,0,0,0,0,0,0,0,0,0,0,0,0,0,0,0,0,0,0,0,0,0,0,0,0,0,0,5358,0,0,0,0,0,0,0,0,0,0,0,0,0,0,0,0,0,6418,0,3221,0,0,0,0,0,0,0,0,0,0,5356,0,0,0,0,0,0,0,0,0,0,0,0,0,0,0,0,0,0,0,8432,0,0,0,0,0,0,0,0,0,0,0,0,0,0,0,0,0,0,0,0,0,0,0,0,0,0,0,0,0,0,0,0,0,0,0,0,0,0,0,0,0,0,0,0,0,0,0,0,0,0,0,0,0,0,0,0,0,0,0
96,0,0,0,0,0,0,0,0,0,6949,0,0,0,0,0,0,0,0,0,4596,0,6399,0,0,0,21131,0,0,0,0,0,5360,4657,0,6873,10780,0,0,0,0,0,0,0,0,0,0,0,0,0,0,0,0,9935,0,0,0,0,0,0,0,0,0,0,0,0,0,0,0,0,0,0,0,0,0,0,0,0,0,5386,0,0,0,0,0,0,0,0,5926,9203,0,0,0,0,0,0,0,0,0,0,0,0,0,0,0,14598,0,0,3978,0,0,0,0,0,0,0,0,0,0,0,0,0,0,0,0,0,0,0,0,0,0,0,0,0,0,3595,0,0,0,5212,0,0,0,0,0,0,0,0,10489,0,0,0,0,0,0,0,0,5421,0,0,0,0,0,0,0,0,0,0,9054,0,0,0,5875,0,0,0,7350,0,0,3455,0,0,0,0,0,0,0,0,0,0,0,0,6082,0,0,0,0,0,0,0,0,0,0,0,0,0,0,0,0,0
97,0,0,31453,0,164373,25640,0,69872,0,0,0,0,0,37822,0,184057,0,0,76022,139779,206544,0,0,211030,2484,0,0,19067,65458,37930,0,33422,0,38238,0,8136,0,0,0,145835,53228,76475,0,0,126916,0,47462,0,44277,0,37905,0,0,0,0,21083,86772,200671,0,56620,0,0,136338,0,0,0,0,183581,68131,0,0,0,0,14823,60933,0,0,0,0,0,19866,125196,119475,0,6591,0,10804,69596,0,0,0,0,49348,61866,0,13939,0,0,0,50530,0,0,273184,175743,36576,79805,0,0,0,0,0,66012,82218,86379,296300,0,30620,17494,0,0,28684,0,3548,0,63062,0,0,0,0,73962,62663,90568,0,0,0,0,0,0,0,88409,0,88575,0,0,0,0,8524,0,0,0,0,0,0,0,189127,52136,167771,0,0,0,27771,101452,0,0,27139,0,89914,53296,0,166202,0,20951,20876,0,0,31735,0,40956,25557,0,0,0,0,14940,181850,167393,21857,0,0,0,88971,114149,41367,0,45043,0,20380,120561,44947,0,156885,7112,20667,47880,24938,0,0,0,198654
98,10184,0,0,0,0,0,0,0,0,0,0,0,0,0,0,0,0,0,0,0,0,0,0,0,0,0,0,0,0,0,0,0,0,0,0,0,0,0,0,0,0,0,0,0,0,0,0,0,0,0,0,0,0,0,0,0,0,0,0,0,0,0,0,0,0,0,0,0,0,0,0,0,0,0,0,0,0,0,0,0,0,0,0,6264,0,0,0,0,0,0,0,0,10042,0,0,0,0,0,0,0,0,0,0,0,0,0,0,3244,0,0,0,0,0,0,0,0,0,0,0,0,0,0,0,0,0,0,0,0,0,0,0,0,0,0,0,0,0,0,0,0,31250,0,0,0,0,0,0,0,0,0,0,0,0,0,0,0,0,0,0,0,0,0,0,0,0,0,0,0,0,0,0,0,0,0,0,0,0,0,0,0,0,0,0,0,0,0,0,4977,0,0,0,0,0,0,0,0,0,0,0,0,0,0,0,0,0,0,0,0,0
99,194266,0,29509,0,0,0,0,0,0,0,0,627305,55210,0,0,0,0,0,0,0,0,0,369276,0,0,0,0,0,0,0,0,0,0,0,0,374492,0,0,0,0,0,174577,0,0,0,37411,0,0,0,0,0,0,0,0,0,0,23286,0,0,0,0,0,0,0,0,159205,531266,0,0,0,65351,183988,0,0,91914,0,0,314943,0,0,447006,0,0,0,0,0,0,33620,0,0,0,0,0,0,0,0,0,0,0,0,0,0,238002,0,0,472796,0,0,0,0,0,0,0,413812,50980,0,0,0,0,0,478970,69133,0,0,526785,0,0,0,0,0,0,0,0,0,0,0,0,0,0,0,0,0,0,0,471340,33660,0,0,543144,0,0,0,0,0,0,0,408618,0,0,0,0,0,0,0,0,349075,0,0,0,165678,0,54423,0,0,0,0,0,0,0,0,0,0,0,0,0,122852,0,0,0,0,0,455714,0,0,351014,0,0,0,0,0,0,0,812479,0,0,0,0,0,470404
100,0,0,0,0,0,0,0,0,0,0,0,0,0,0,0,0,0,0,0,0,0,0,0,11063,0,0,0,0,0,0,0,0,0,0,0,0,0,0,0,0,0,0,0,0,0,0,0,0,0,0,0,0,0,0,0,0,0,0,72244,0,0,0,0,0,0,0,0,0,0,0,0,0,0,0,0,0,0,0,0,0,0,0,0,0,0,0,0,0,0,0,0,0,0,0,0,0,0,0,0,0,0,0,0,33211,0,0,0,0,0,0,0,0,0,0,0,0,15331,0,88502,0,0,0,0,0,0,0,0,0,0,0,0,0,0,0,0,0,0,0,0,0,0,0,0,0,0,0,0,0,0,0,0,0,0,0,0,0,0,0,0,0,0,0,0,0,0,0,0,0,0,0,0,0,0,0,0,0,0,0,0,0,0,0,0,0,0,0,0,0,0,0,0,18787,0,0,0,0,0,0,0,0,0,0,0,0,0,0,0,0,33217
101,0,0,0,0,0,0,0,0,0,85003,0,0,0,0,0,0,0,61716,0,0,0,170554,0,0,0,0,0,0,0,0,0,0,0,0,0,0,0,0,3729,0,84343,0,0,0,0,0,0,0,3926,0,0,0,0,0,0,0,7630,43661,0,18428,0,0,0,0,0,0,37174,0,0,0,0,0,0,0,0,8971,0,0,0,0,0,0,0,0,0,0,0,0,0,0,0,0,0,0,0,0,0,0,0,0,0,0,0,0,4868,0,0,0,0,0,0,0,0,0,0,9446,0,0,0,0,0,0,0,0,0,0,0,0,0,0,0,0,0,0,7893,0,6925,0,0,0,0,0,0,0,5924,0,0,0,0,0,0,0,0,0,0,0,0,0,0,0,0,0,0,0,0,0,0,0,79688,0,0,0,0,0,0,0,0,5793,0,0,0,0,0,0,0,0,0,0,0,0,88321,0,0,0,0,47986,0,0,20790,0,0,0,0,0,0,0,0,0,0
102,0,0,0,0,0,0,0,0,0,0,0,0,0,0,0,0,0,0,0,0,0,0,0,0,0,0,0,0,10748,0,0,0,0,0,0,0,0,9802,0,5799,0,0,0,0,0,0,0,0,0,0,0,0,0,0,0,0,0,0,0,0,0,0,5412,0,0,0,0,0,0,0,0,0,0,0,0,0,0,0,0,0,0,0,0,0,0,0,0,0,0,0,0,0,0,0,0,0,0,0,0,0,0,0,0,0,0,0,0,0,0,0,0,0,0,0,0,0,0,0,0,0,0,0,0,0,0,6623,0,0,0,0,0,0,0,0,0,0,0,0,0,0,0,0,0,0,0,0,0,0,0,0,0,0,0,0,0,0,0,0,0,0,0,0,0,0,0,0,0,0,0,0,0,0,0,0,0,0,0,0,0,0,0,0,0,0,0,0,0,0,0,0,0,0,0,0,0,0,0,0,0,0,0,0,0,0,0,0,0,0,0
103,0,0,0,0,0,0,0,0,0,93707,0,0,0,0,0,9755,0,0,0,0,0,0,0,0,0,52974,0,0,0,0,0,0,0,0,0,0,0,0,0,0,0,0,0,0,0,0,0,0,0,0,0,0,0,0,38325,0,0,0,0,0,0,0,0,0,0,0,0,0,0,0,0,0,0,0,0,0,0,0,0,5511,0,0,77790,0,9942,0,0,0,0,0,0,0,0,0,0,63548,0,0,0,0,0,0,0,0,0,0,0,0,0,44217,0,0,0,0,0,0,0,0,0,0,0,0,0,0,0,0,0,0,0,9349,0,0,0,0,0,0,0,0,77986,0,0,0,0,0,0,0,0,0,0,0,0,0,0,30428,0,0,0,0,0,0,0,0,0,0,0,30803,0,0,0,0,0,0,0,0,0,0,0,0,0,0,0,0,0,0,0,0,0,0,0,0,0,0,0,0,0,0,0,0,0,0,12354,0,0,0,0,0,0,0,0
104,0,0,0,0,0,0,0,0,0,0,0,0,0,0,0,0,0,0,0,0,0,0,0,0,0,0,0,0,0,0,0,0,0,0,0,0,0,0,0,0,0,0,0,0,0,0,0,0,0,0,0,0,0,0,0,0,0,21159,0,0,0,0,0,0,0,0,0,0,0,0,0,0,0,0,0,0,0,0,0,0,38026,0,0,0,0,0,0,0,0,0,0,0,0,0,0,0,0,0,0,0,0,0,0,0,0,0,0,0,0,0,42026,0,0,0,0,0,0,0,0,0,0,0,0,0,0,0,0,0,0,0,0,0,0,0,0,0,1433,0,0,0,0,0,0,6209,0,0,0,0,0,0,0,0,0,0,0,0,0,0,0,0,0,0,0,0,0,0,0,0,0,0,0,0,0,0,0,0,0,0,0,0,0,0,0,0,0,0,0,0,0,0,0,0,0,0,0,0,0,0,0,0,0,0,0,0,0,0,0,0,0
105,0,0,0,0,0,0,0,0,0,0,0,0,0,0,0,28978,0,15313,0,0,5137,0,0,0,0,0,0,0,0,158075,0,284045,0,40270,0,0,9471,0,0,0,0,0,0,279841,0,0,0,0,0,21445,0,0,83501,23056,0,54353,0,0,37046,0,0,0,203529,0,7977,0,0,0,0,0,0,0,264173,9741,0,0,0,0,0,0,0,0,0,214389,41948,0,0,0,0,0,0,4231,9832,0,0,0,0,0,333196,0,29607,0,0,0,0,0,0,0,0,0,0,0,0,0,11889,0,0,0,0,0,0,0,202657,0,0,0,8139,0,0,38283,0,0,0,0,27532,0,0,8290,0,0,0,0,0,0,0,0,0,0,0,0,0,0,0,0,0,0,0,0,0,0,35743,0,0,0,0,0,0,0,0,18476,4296,24781,0,0,0,38310,0,0,0,0,0,0,0,0,0,0,0,53601,0,0,0,0,0,0,0,0,0,0,76925,40717,0,0,0,50738,123181,0,45053,0,87996
106,0,0,0,65431,206256,0,55754,0,0,40845,58384,0,157973,0,0,22548,0,0,0,0,0,0,0,445091,194888,143869,0,474271,164266,194151,25250,0,0,0,0,46982,0,388395,0,0,7471,0,341593,0,0,223433,42507,69367,20992,426900,0,0,28280,0,56935,0,0,267388,40468,0,0,0,281430,0,0,421766,269763,0,0,33909,253382,69355,262159,281121,0,0,433534,0,0,0,148159,0,53859,36447,0,560592,76740,0,0,0,141691,0,48581,0,23790,0,0,0,0,376913,23088,73425,0,0,255606,0,0,0,270174,0,0,0,239677,0,0,0,0,0,0,27303,59365,301956,0,158005,0,295671,0,0,84282,0,0,0,259713,0,0,0,45133,0,0,153642,0,212968,21531,0,114988,0,0,0,0,23015,0,0,0,0,0,272048,0,95593,0,0,0,0,0,0,0,310353,0,276699,0,208512,12988,119499,181745,0,0,0,58739,0,0,12920,39007,0,0,0,0,0,11877,19560,0,476324,492842,0,0,0,0,0,0,485160,0,0,0,0,308196,166744,115845,0,64515,0,543024
107,0,0,0,0,0,0,0,0,0,0,0,0,0,0,0,0,0,0,0,0,0,0,0,0,0,0,4259,0,0,0,0,0,0,0,0,0,0,0,0,0,0,0,0,0,0,0,0,0,0,0,0,0,0,0,0,0,0,0,0,0,0,0,0,0,0,0,0,0,0,0,0,0,0,0,0,0,0,0,0,0,0,0,0,0,0,0,22203,0,0,0,0,0,16843,0,0,0,0,0,0,0,0,0,0,0,0,0,5318,0,0,0,0,0,0,0,0,0,0,0,0,0,0,0,0,0,0,0,0,0,0,18300,0,0,0,0,0,0,0,0,0,0,0,0,0,0,0,0,0,0,0,0,0,0,0,0,0,0,0,0,0,0,0,0,0,0,0,0,0,0,0,0,0,0,0,0,0,0,0,0,0,0,0,0,0,0,0,0,0,0,0,0,0,0,0,0,0,0,0,0,0,0,0,0,0,0,0,0,0,0,0
108,0,0,0,0,0,0,0,0,0,0,0,0,0,0,0,0,0,0,0,41391,0,0,0,0,193081,0,0,0,0,0,0,0,21391,26110,0,0,0,0,0,0,10013,0,0,0,0,0,13138,0,0,0,0,0,0,0,0,0,0,83543,0,0,0,0,0,25856,0,0,0,0,0,0,0,0,0,0,0,0,0,38541,0,0,0,0,0,0,0,0,0,0,0,0,35879,0,0,0,0,0,23098,0,0,0,0,0,0,0,0,0,0,0,0,0,29346,0,0,0,0,0,0,0,0,25835,7369,0,0,0,0,0,0,0,0,0,7378,0,0,0,0,0,0,67570,0,0,0,0,0,0,0,0,0,0,0,0,0,0,0,0,0,0,40412,0,0,0,0,0,0,0,0,0,0,0,0,0,0,0,0,0,0,0,0,0,0,0,0,0,0,0,0,0,0,0,0,0,0,0,0,0,0,0,0,0,0,0,0,0,0,0,0,0,0,0,0
109,0,0,0,0,0,0,0,0,0,8054,0,0,0,0,0,0,0,0,0,0,0,0,7613,0,0,0,0,0,0,0,0,0,0,0,0,0,0,0,0,0,0,0,0,0,0,0,0,0,0,0,0,0,0,0,0,19516,0,0,0,0,0,0,0,0,0,0,0,0,0,0,0,0,0,0,0,0,0,0,0,0,0,0,0,0,0,0,0,0,0,0,0,0,45992,0,0,0,0,0,0,0,0,0,0,0,0,0,0,0,0,0,0,0,0,0,0,0,0,0,0,0,0,0,0,0,0,0,0,0,22958,0,0,0,0,0,0,0,0,0,0,0,0,0,0,0,0,0,0,0,0,0,0,0,0,0,0,0,0,0,0,0,0,0,0,0,0,0,0,0,0,0,0,0,0,0,0,0,0,0,0,0,0,0,0,12080,0,0,0,0,0,0,0,0,0,0,0,0,0,0,0,0,0,0,0,0,0,0,0,0,0
110,0,0,0,0,0,0,64456,0,0,0,0,0,0,0,0,0,0,0,0,13652,0,0,0,0,0,0,0,0,0,11501,0,0,0,0,0,0,0,0,6872,0,0,0,0,0,0,0,0,0,0,0,0,0,0,23204,0,0,0,0,0,0,0,0,0,0,0,0,0,0,0,37733,0,0,0,0,0,0,0,0,0,0,0,0,0,0,0,0,0,0,0,0,101787,0,0,0,0,0,0,0,0,0,0,0,0,0,33440,0,0,0,0,0,0,0,0,0,0,0,0,0,0,0,0,5340,8252,0,0,0,0,0,0,0,0,0,0,0,0,0,0,0,0,0,0,0,0,0,0,0,0,0,0,0,26684,0,0,0,0,18185,0,0,23379,0,0,0,0,0,30944,0,0,0,0,0,0,0,0,0,0,0,0,19883,0,0,0,0,0,0,0,0,0,0,0,0,9267,0,19532,0,0,0,0,0,0,0,0,0,0,0,0,0,0,0,0
111,0,0,0,254836,0,0,0,0,0,0,0,0,0,0,0,0,0,0,0,0,0,0,0,0,27330,0,0,0,19240,0,0,0,0,0,0,0,0,0,0,0,0,0,0,0,0,0,0,0,0,0,0,0,0,0,0,0,5973,0,0,0,0,0,0,0,0,0,0,0,0,0,0,0,0,0,0,0,0,0,0,0,0,0,0,0,0,0,0,0,0,0,0,0,0,0,0,0,0,0,0,0,0,0,0,0,0,0,0,0,0,0,0,0,0,0,0,0,0,0,0,0,0,0,0,0,0,19771,0,0,0,0,0,0,0,0,0,0,0,0,0,0,0,0,0,0,0,0,0,0,0,0,0,0,0,0,0,0,0,0,0,0,9500,0,0,0,0,0,0,0,0,0,0,0,0,0,0,0,0,0,0,0,0,0,0,0,0,0,0,0,0,0,0,0,0,0,0,0,0,0,0,0,0,0,0,0,0,10041,0,0,0
112,0,0,0,0,0,0,0,0,0,0,0,0,0,4279,0,0,0,0,0,0,7139,0,0,0,0,10210,0,0,0,0,0,0,0,0,0,0,0,0,0,0,0,0,0,0,0,0,0,0,0,0,0,0,0,0,0,0,0,0,0,0,0,0,0,0,0,0,0,0,0,0,0,0,0,0,0,0,0,4278,0,0,0,0,0,0,0,0,0,8750,0,0,0,0,0,0,0,0,0,0,0,0,0,0,0,0,0,0,0,0,0,0,0,0,0,0,0,0,0,0,0,0,0,0,0,0,0,0,0,0,0,0,0,0,0,0,0,0,0,0,0,0,0,0,0,0,0,0,0,0,0,0,0,0,0,0,0,0,0,0,0,0,0,0,0,0,0,0,0,0,0,0,0,0,0,0,0,0,0,0,0,0,0,0,0,0,0,0,0,0,4861,0,0,0,0,0,0,0,0,0,0,0,0,0,0,0,0,0,0,0,0
113,0,0,0,0,0,0,0,0,0,0,0,0,75865,61927,0,0,0,0,0,0,0,0,0,0,0,0,0,0,0,0,91456,0,0,0,0,0,0,0,0,0,0,0,0,0,0,0,0,0,0,0,0,0,0,0,0,0,0,0,0,0,0,73131,0,0,0,66210,0,0,0,0,0,0,85679,0,0,0,0,0,0,0,0,0,87713,0,0,0,0,0,0,0,0,0,0,0,0,0,0,0,0,0,0,0,0,0,0,0,0,0,0,0,0,0,0,0,0,0,0,0,0,0,0,0,0,0,0,0,0,0,0,0,0,65913,0,0,0,0,0,0,0,0,0,0,0,0,0,0,0,0,0,0,0,0,0,0,0,69142,0,0,59285,0,0,0,0,0,0,0,0,0,0,0,0,0,0,0,0,0,0,0,0,0,0,0,0,0,0,0,0,0,0,0,0,0,0,0,0,0,0,0,0,53280,35642,0,0,0,0,0,0,67405,0
114,0,0,0,0,0,0,0,0,0,0,0,0,0,0,0,0,0,0,0,0,0,0,0,0,0,0,0,0,0,0,0,0,0,0,0,0,0,0,0,0,0,0,0,0,0,0,0,0,0,0,0,0,0,0,0,0,0,0,29723,0,0,0,0,0,0,0,0,4471,0,0,0,0,0,0,0,0,0,0,0,0,0,0,0,0,0,0,0,0,0,0,0,0,0,0,0,0,0,0,0,0,0,0,0,0,0,0,0,0,0,0,0,0,0,0,0,0,0,0,0,0,0,0,31045,0,0,0,0,0,0,0,0,0,0,0,0,0,0,0,0,0,0,0,0,0,0,0,58076,0,0,0,0,0,0,0,0,0,0,0,0,0,0,0,0,0,0,0,0,0,0,0,0,0,38714,0,0,0,0,0,0,0,0,0,0,0,0,0,0,0,0,0,0,0,0,0,0,0,0,0,0,0,0,0,0,0,0,0,0,0,0
115,0,12336,0,0,0,0,0,0,85277,30234,207824,0,0,0,0,30446,46225,0,0,0,0,18684,0,770853,0,236102,16676,771626,426856,316460,62281,0,0,0,0,73131,13522,352709,53271,0,15982,0,631851,389576,0,387689,116480,0,137924,334568,0,0,140729,33120,108858,42169,0,454559,0,0,18715,0,30509,0,0,676293,458381,0,12798,0,230394,218681,862813,506850,0,0,775014,0,0,0,260368,0,243142,384520,0,942425,123629,0,0,0,194934,13350,109044,0,0,18190,0,0,278787,655612,0,324767,0,0,471713,0,0,0,197412,0,0,0,421354,0,0,0,0,0,0,0,0,614453,362369,255883,0,596768,0,20788,186919,33240,0,0,468505,0,0,0,71956,0,0,261482,0,461420,0,0,0,10329,0,36906,178441,36521,30187,0,0,9245,0,440189,0,249398,39409,0,0,11889,0,19122,0,428700,0,420157,0,380298,99772,201008,0,0,0,0,55382,33867,89600,26814,67751,0,0,0,0,0,0,103954,0,845645,836109,16659,0,0,21456,0,0,438159,172011,72692,0,0,531038,274883,163044,13511,115911,102218,795645
116,0,0,0,0,180892,0,54907,0,0,0,0,0,105513,0,0,0,0,0,0,0,0,0,0,34554,46639,0,0,50357,0,0,0,41326,60270,0,0,0,0,64645,0,0,0,0,0,47531,0,23653,8908,0,0,0,0,0,0,0,0,0,0,0,0,0,0,0,0,0,0,62026,0,0,0,0,17744,0,0,16444,0,0,31694,0,0,0,17120,0,0,0,0,0,8372,0,0,0,17886,0,31997,0,0,0,0,0,0,0,0,0,0,0,0,0,0,0,0,0,0,0,24095,0,0,0,0,0,0,0,49121,0,94235,0,0,85191,0,0,0,0,0,0,27638,0,0,0,0,0,0,23522,0,0,0,0,14683,0,0,0,0,0,0,0,0,0,0,0,0,0,0,0,0,0,0,0,0,23629,0,20484,0,15768,0,0,0,0,0,0,0,0,0,0,10099,0,0,0,0,0,0,10486,0,0,0,0,29087,0,0,0,0,0,22316,0,0,0,26385,0,0,0,0,0,0
117,0,0,0,0,0,0,0,0,0,0,0,0,0,0,0,0,0,0,0,0,0,0,0,24530,16389,0,0,25566,0,0,0,0,11871,0,0,0,0,0,0,0,0,0,0,0,0,25201,0,0,0,0,0,0,0,0,0,0,0,27334,0,0,0,0,0,0,0,11288,0,0,0,0,0,0,0,0,0,0,0,0,0,0,0,0,0,0,0,40336,0,0,0,0,0,0,0,0,0,0,0,0,0,0,0,0,0,0,0,0,0,0,9041,0,0,0,0,0,0,0,0,0,0,0,0,0,0,0,0,0,0,0,0,0,0,0,0,0,0,0,0,0,0,0,0,0,0,0,0,0,0,0,0,0,0,0,0,0,0,0,0,0,0,0,0,0,0,0,0,46655,0,0,0,0,0,0,0,0,0,0,0,0,0,0,0,0,0,0,0,0,0,0,0,0,0,0,0,0,0,0,0,0,0,0,0,0,0,0,0,0,0,0,36079
118,0,21172,0,43178,66449,0,13452,37494,0,15583,0,15375,27636,0,7490,12370,14761,0,0,0,10852,18798,13575,20154,42030,26267,0,24339,51795,35301,0,39954,9705,0,19464,8358,0,33412,22132,0,12661,0,6539,37118,0,8808,4834,0,18853,11957,0,0,23823,0,4251,4021,0,72577,25931,3901,0,0,78362,19007,0,22535,58162,31075,0,0,0,37731,16941,12365,5309,0,40180,23592,24596,0,21426,0,17511,14453,18436,42860,0,10876,35153,0,41606,8158,18215,13412,30986,0,21893,0,0,29912,20553,39592,37373,0,4627,0,22106,14973,16232,15412,12273,24806,37364,0,0,41238,0,0,26671,13925,9779,27488,42784,5728,0,0,0,0,8844,31255,0,0,45325,0,23462,0,17020,0,25541,16673,0,16653,0,0,18917,9581,0,24090,33974,0,25765,0,13932,0,16557,24381,3845,0,6999,17743,10849,0,0,16036,19814,10166,0,16428,10079,28104,0,7406,3021,0,0,0,12018,4612,10837,7853,20182,9676,0,0,0,20436,0,13311,15811,48153,33886,29282,23414,0,14743,4224,0,57232,36295,3717,19588,17614,25183,0,0,0,38829,0,31034
119,0,0,0,98692,0,0,19939,5057,4723,20411,15083,0,42479,0,0,4958,0,2716,0,0,0,0,0,50212,37757,25518,0,151720,56818,35795,14682,45906,4174,0,0,0,0,94457,2127,0,3701,0,62314,65413,0,33260,0,23869,12012,65833,0,0,27880,17798,8386,6439,0,47168,0,0,0,0,34585,0,0,47477,68509,0,10434,37009,28457,25086,44807,90092,0,0,86019,0,5081,0,26313,3430,30484,48028,33191,48061,25710,0,0,0,41091,0,11876,0,10949,0,0,0,29599,60731,0,29452,11014,0,44989,0,0,0,34860,0,0,0,23304,0,0,0,0,0,0,6726,51244,41796,40987,22449,0,23197,0,0,26423,0,0,0,36013,0,0,0,0,2121,0,19764,0,30848,0,0,17581,0,0,3276,21692,0,0,0,0,0,0,34368,0,46707,6421,0,0,5863,0,0,0,83869,0,30886,0,56686,20038,11705,49183,0,0,26671,0,0,17832,0,25290,0,0,0,0,0,0,28331,0,37281,51854,0,5571,0,5371,0,0,65965,26065,7025,0,1989,29672,21472,33535,0,19733,9855,75642
120,0,0,0,0,7015,0,0,0,0,11920,13312,0,4977,0,0,0,0,0,0,0,0,0,0,0,0,0,0,4089,2297,0,11240,2648,0,0,0,0,0,4630,3596,0,0,0,0,0,0,0,0,0,0,0,2247,0,0,3151,0,4906,0,3399,0,0,0,0,0,1650,2672,2920,0,0,3698,11409,0,2690,0,0,0,8173,4766,0,2116,0,3418,1745,0,3857,2201,3412,0,0,0,0,1823,0,0,0,0,0,1581,0,2164,8362,0,0,0,0,0,0,0,2004,0,0,0,0,0,0,0,4813,0,0,0,0,0,0,0,0,3965,2126,0,0,0,0,0,0,0,0,0,0,2564,0,0,0,7413,0,0,0,0,2502,0,0,0,0,2495,0,0,0,6649,0,2306,3952,0,2146,0,0,0,3141,2303,8708,0,0,0,0,5902,2426,0,0,6371,6464,4021,0,2019,0,0,0,0,0,2145,0,0,0,0,0,0,4084,0,0,2356,0,0,8395,0,0,0,4370,3055,0,0,0,0,2995,0
121,0,0,0,0,0,0,0,0,0,0,0,0,0,0,0,0,0,4892,0,0,0,0,0,0,0,0,0,0,0,0,0,0,0,0,0,0,0,0,4578,0,0,0,0,0,0,0,0,0,0,0,0,0,0,0,0,0,0,0,0,0,0,0,0,0,0,0,0,0,0,0,0,0,0,0,0,11779,0,0,0,2540,0,0,0,0,0,0,0,0,0,0,0,0,0,0,7292,0,0,0,0,0,0,0,6447,0,0,0,0,0,0,0,0,0,0,0,0,0,0,0,0,2669,0,0,0,0,0,0,0,0,0,0,0,0,0,0,0,0,0,0,0,0,15711,0,0,0,0,0,0,0,0,0,0,0,0,0,15518,0,0,3629,0,0,0,0,0,0,0,0,0,0,0,0,0,0,0,0,0,0,0,0,0,0,0,0,0,0,0,0,0,0,0,0,0,0,0,0,2967,0,0,0,0,0,0,0,0,0,0,0,0,0,0
122,0,0,0,0,0,0,12927,4944,0,18320,13060,0,0,0,0,0,2055,5045,0,0,0,0,0,0,0,0,0,0,0,0,0,0,5767,0,0,0,0,0,4922,0,0,0,0,0,0,0,6784,0,0,0,0,0,0,0,11064,0,0,0,10812,0,5744,0,0,0,0,0,0,0,0,0,1768,0,0,0,0,0,0,0,3762,0,0,0,0,0,0,0,6135,0,0,0,0,0,0,0,0,0,0,0,0,0,0,0,0,0,0,0,0,0,0,0,0,0,0,0,0,0,0,0,0,0,0,0,0,0,0,0,0,0,0,0,0,0,0,0,0,0,0,0,0,0,0,0,0,0,0,0,0,0,0,0,0,0,0,0,0,0,0,0,0,0,2604,15050,0,0,0,0,0,0,0,0,0,11539,0,0,0,0,0,0,0,0,0,0,0,0,0,0,0,0,0,0,0,0,0,0,6757,0,0,0,0,0,0,0,0,0,0,0,11188,11128,0
123,5151,0,0,0,0,0,0,83887,0,0,28847,34211,0,0,49393,0,152236,0,0,0,0,98842,0,0,0,0,0,0,0,0,0,0,0,0,0,81790,8029,0,265233,14839,95643,111312,63892,0,42092,62124,0,39536,0,0,0,43725,0,0,0,10598,44786,22676,0,63987,0,0,0,0,0,53200,0,41460,0,56896,91414,90465,0,0,0,0,39922,0,0,62533,0,0,0,0,0,0,0,57532,78262,35520,0,0,51862,0,0,4928,0,43704,0,60808,82815,0,0,28266,33109,0,55153,14323,0,0,0,66037,43100,66889,7724,0,0,0,86518,32155,0,73451,76747,0,0,0,26595,0,0,0,43391,0,0,0,73292,14979,12162,0,59197,6512,0,0,0,60859,0,0,0,0,83529,0,67687,0,25338,0,58897,0,0,0,18039,0,76264,0,0,0,146200,0,0,51622,0,0,111445,46202,26822,4670,0,19844,0,48642,0,0,10619,0,0,0,113278,0,57350,0,57454,0,0,67799,0,67729,0,0,6367,80820,129595,0,74084,0,86218,0,66321,0,0,0,0
124,0,113952,5069,0,131167,10244,51749,0,0,60587,521281,0,128821,8106,2729,33373,28045,103780,31034,0,28680,54053,17658,3399,52148,43498,21976,0,3901,13768,13416,27872,0,26543,2297,165436,34147,37069,196340,0,12241,3541,0,26106,87329,0,0,0,10266,0,8318,217599,47692,0,7340,7112,11920,17523,1710,38674,12542,28882,2516,0,5511,24755,0,94257,74633,131634,36079,3134,11567,0,0,23832,7686,41341,11561,73010,3220,8079,7177,0,84242,5341,24921,0,232576,3556,0,935,1057,0,31855,106700,60442,91320,2120,12008,74373,3804,0,6690,0,4573,65636,36042,0,31349,50010,18513,3065,1631,3303,115693,0,12207,33970,82052,3759,18505,63361,0,22864,40507,11855,46219,0,21450,18412,50512,55531,2401,52146,17555,7406,4239,33168,2924,34259,0,6732,1228,919,167475,5940,33943,22305,10521,9133,15478,43861,0,91950,3767,154942,11847,2810,86383,12781,21339,25773,30901,2107,2642,46762,15261,13038,26542,6622,36280,1412,46696,3610,47034,67919,0,3072,8011,15054,11687,65185,9875,21873,73173,42914,8458,7231,18457,33884,112510,2816,27868,4988,31841,0,3891,68147,0,186469,97754,57331,42881,0,15876,4084,4367,7975
125,73075,106187,2431,45750,190729,0,80261,0,0,0,0,821752,109492,185194,0,0,91049,0,0,0,538918,0,0,446288,559168,172486,0,0,0,0,342869,0,0,282797,0,0,0,66580,432588,110182,0,0,0,499400,56546,575654,126180,0,415772,0,166822,300215,0,0,0,15072,0,0,0,2929,0,0,0,0,0,0,542473,10819,0,70590,432695,93589,0,0,321552,0,693152,179337,3188,0,24500,0,47301,0,606762,0,0,0,700248,121896,509868,0,0,0,0,0,57790,0,79805,0,98141,6463,708346,426441,98448,270169,105010,0,80317,0,0,0,0,449320,7191,0,0,66659,0,0,13140,0,0,0,0,0,0,0,0,0,148882,27209,0,0,2614,0,51269,6437,3857,0,0,0,0,448111,0,0,55181,0,625151,0,362576,0,2682,24217,0,0,0,2334,0,0,0,0,0,68838,0,0,408108,0,6120,0,56377,0,0,168104,51612,0,0,136881,0,0,0,0,0,0,0,404043,0,0,0,0,0,1856,0,360796,382305,0,118710,943051,328988,0,636695,222025,0,368137,217249,0,0,2661,444993
126,8208,341687,0,176747,1043640,0,227775,548303,50682,321361,81335,0,50034,23087,221696,692041,436539,308359,50227,178611,2410,194108,257289,42914,795094,252586,159066,156298,173015,291923,2622,208707,194266,0,83786,278918,371842,399480,0,0,159278,77867,181344,36163,540498,181576,0,136029,0,317700,62441,21667,197603,0,100877,297376,78737,444421,327401,0,77262,258070,472745,419766,0,9578,520142,355295,396896,147776,0,622252,249086,246816,0,144006,88861,2733,0,215455,178286,59550,447457,3551,122810,0,242745,277058,253239,0,157521,65258,0,316083,425325,51909,442563,0,0,0,468801,2165,0,0,0,35363,311322,336411,205465,262813,226721,788633,299801,0,481519,837036,398903,159851,0,329499,64266,632177,632257,239735,561299,660919,50166,0,360608,409445,95391,222082,254955,122480,334759,262019,0,559927,513947,255519,374877,40252,0,34757,383531,210777,312820,20334,131731,0,32776,258752,147980,7046,144325,445753,70372,234646,3682,430047,0,0,6588,128717,0,368302,97274,0,0,627240,319282,164237,77936,220983,261129,0,5675,0,164196,108637,204407,50764,189404,281258,0,32607,378466,944,257355,605884,850987,377185,409277,154253,241129,360340,82163,5828,0,46362,535782,1094586,729453,133220,36695,69359,271705,205995,208321
127,3059,0,0,0,0,0,0,0,0,0,0,0,2217,0,0,0,0,0,0,0,0,0,0,0,0,0,0,0,0,0,0,0,0,0,0,0,0,0,0,0,0,0,0,0,0,0,0,0,0,0,0,0,0,0,2988,0,0,0,0,0,0,0,0,0,0,5886,1548,0,0,0,0,0,0,0,0,0,0,0,0,0,0,0,0,1567,0,0,0,0,0,0,0,3961,0,0,0,0,0,0,0,0,0,0,0,0,0,0,0,0,0,0,0,0,0,0,0,0,0,0,0,0,0,0,0,8258,5106,0,6884,0,0,1961,0,0,0,0,0,0,0,0,0,0,0,0,5978,0,0,0,0,0,4867,0,0,0,0,0,0,0,0,0,0,0,0,1492,1800,0,0,0,0,0,0,0,0,0,0,5142,0,0,0,0,0,3701,0,0,0,0,0,0,0,0,10961,0,0,0,0,7765,0,0,0,5572,3747,0,0,0,0,0,0,0,0,0,0
128,0,0,312499,559830,0,109536,642022,35603,95809,120266,383655,0,0,155090,158118,0,433225,363679,177559,12938,0,455046,132932,70245,0,10956,115795,0,452331,360149,285390,108163,6522,0,239885,154385,0,332990,0,141630,390277,410481,507911,47818,0,36990,58883,11048,100467,657121,291259,14778,1113,154350,69382,161630,279259,192127,34722,434281,431425,0,68484,0,302912,297544,0,8575,0,578513,14134,0,0,0,22094,705854,58877,0,391164,349173,613972,266322,0,120539,356140,434180,0,297240,0,62564,0,271621,166606,0,56910,136756,0,148568,0,439938,6690,203770,0,0,0,0,0,0,0,31909,0,0,0,0,0,584579,247239,0,383296,138132,169650,2832,0,51936,67941,0,272282,70928,0,311922,0,0,771,0,130359,0,259409,0,0,4891,173633,109787,52845,23851,0,0,0,397109,0,338472,119278,172900,208723,0,283179,74019,873994,0,201715,19096,1181340,0,0,170367,488549,11927,0,658634,236979,147406,0,9153,202401,0,0,1981,292974,25124,120811,380592,68876,271701,370214,0,525989,198503,0,152829,0,143297,32740,0,117111,0,14689,0,0,98137,72165,257758,65974,0,55181,147718,0,341968,0,255497,108733
129,0,0,0,0,0,0,0,0,1610,0,0,0,0,0,0,0,0,0,0,0,0,0,0,0,0,0,0,0,0,3742,0,0,0,0,0,0,0,2333,0,0,0,0,0,0,1549,0,0,0,0,0,4160,0,0,0,0,0,6192,0,0,0,0,0,0,0,2973,0,0,0,0,0,0,0,0,0,0,0,0,0,8361,0,0,0,0,0,0,0,0,0,1992,7346,1889,0,0,0,0,0,0,0,0,0,0,0,0,0,1361,0,0,0,0,0,0,0,0,0,0,0,0,0,0,0,0,0,0,0,0,0,0,0,0,0,0,0,0,1993,0,0,0,0,0,0,0,0,0,0,0,0,0,0,0,0,0,0,0,0,5581,0,0,0,0,0,0,1860,2311,0,0,0,0,0,0,0,0,0,0,0,0,0,0,0,0,0,0,0,0,0,0,0,0,0,0,0,0,0,0,0,0,0,0,0,0,0,0,0,0,0,0,0,0,0,0
130,0,0,0,0,0,0,0,0,0,0,0,0,6422,0,0,0,0,0,0,0,0,0,0,0,0,0,0,0,0,0,0,0,0,0,0,11486,0,0,0,0,0,0,0,0,0,0,0,0,0,0,8049,0,0,0,0,0,0,10583,0,0,0,0,0,0,0,0,0,0,0,0,0,0,0,0,0,0,0,0,0,0,0,0,0,0,0,0,0,0,0,0,0,0,0,0,0,0,0,0,0,0,0,0,0,0,0,0,0,0,0,0,0,0,0,0,0,0,0,0,0,0,0,0,0,0,0,0,0,0,0,0,0,0,0,0,0,0,0,0,0,0,0,0,0,0,0,0,0,0,0,0,5999,0,0,0,0,0,0,0,0,0,0,0,50973,0,0,0,0,0,0,0,0,0,0,0,0,0,0,0,0,0,0,0,0,0,0,0,0,0,0,0,0,0,0,0,0,0,0,0,0,0,0,0,0,0,0,0,0,0,7151
131,0,0,0,0,319169,0,37124,0,0,40513,358862,70011,0,0,22346,36023,0,418295,0,8201,156152,0,0,0,43498,0,0,0,15153,251452,37222,0,0,0,108954,0,16047,47080,93100,50153,41107,17832,14866,0,0,0,0,0,42192,16033,0,21079,133784,0,0,0,0,0,12810,0,0,0,288371,34638,0,0,0,163394,34935,0,0,406408,0,27494,25381,66503,0,30242,155131,0,0,108530,0,0,0,71671,0,14874,794189,0,86827,0,1364,18957,28698,185189,0,0,0,0,0,30310,66891,117142,0,32116,0,30152,14605,47650,0,19016,36812,68063,0,0,0,0,205883,0,0,0,0,0,25788,0,0,0,0,0,0,0,517645,30219,0,0,0,40834,0,0,20385,0,90393,27858,31070,35226,20772,161410,60858,0,0,0,0,176009,101763,95553,6706,0,0,0,0,0,0,76782,26340,0,40551,937,0,0,0,0,0,0,0,0,0,0,3758,13013,0,0,5588,17502,157303,35417,20260,71530,36601,317007,0,59641,55999,0,22884,0,0,24599,0,0,0,36283,0,0,0,0,45018,0,23012
132,0,0,0,0,0,0,0,0,0,0,0,0,5832,0,0,0,24520,0,0,0,0,0,24372,0,0,0,0,0,0,0,0,0,0,0,0,0,0,0,0,0,0,0,0,0,0,0,0,0,0,0,0,0,0,0,0,0,0,0,0,0,0,0,0,0,0,0,0,0,0,0,0,0,0,0,0,0,55966,0,0,0,0,0,0,19051,0,0,0,24318,0,0,2707,0,0,0,0,0,0,0,0,0,0,0,0,0,0,0,0,0,0,0,0,0,0,0,0,0,5265,0,0,0,0,0,0,0,0,0,0,0,0,0,0,0,0,0,0,0,47386,0,0,0,0,0,0,44157,0,0,0,0,60610,0,0,0,0,0,0,0,0,0,0,0,0,0,0,0,0,0,0,0,0,0,0,0,0,0,0,0,0,0,0,0,0,0,0,0,0,0,0,0,0,0,0,0,0,0,0,0,0,0,0,0,0,0,0,0,0,0,0,0,0
133,0,0,0,0,0,0,0,0,0,0,0,0,0,0,0,0,0,0,0,0,0,0,360383,0,0,0,18732,0,0,0,0,0,0,0,0,0,0,117947,0,0,0,0,0,0,0,0,0,0,0,0,0,0,0,0,0,0,0,0,0,0,0,0,0,0,0,0,0,0,0,0,0,0,0,0,0,0,0,0,0,0,0,0,0,121051,0,0,0,0,0,0,0,0,0,0,0,0,0,0,0,0,0,0,0,0,0,0,0,0,0,0,0,0,0,0,0,0,0,0,367234,0,0,0,0,0,0,0,156852,0,0,0,0,0,0,255511,0,0,0,0,0,0,0,0,158804,0,0,0,0,0,0,0,0,0,0,0,0,0,0,0,0,0,0,0,0,0,0,0,0,0,40001,0,0,0,0,75681,11911,0,0,0,0,0,0,142207,0,41714,0,0,0,0,0,0,0,0,0,0,0,0,0,0,0,0,0,0,0,0,0,0,0,0,0
134,0,0,0,119596,0,0,0,0,0,0,0,0,0,0,0,0,0,491642,16272,193757,0,0,0,133495,0,104231,1666,0,65354,0,0,35246,0,0,16643,0,0,0,0,0,0,24908,0,0,0,42232,0,0,0,55711,0,0,0,0,0,0,0,0,6227,0,0,45730,0,0,0,0,78828,0,0,0,0,0,61559,0,0,0,0,0,0,0,0,0,0,24364,11129,0,0,0,0,0,0,0,15206,0,0,0,0,0,158957,0,0,0,82736,21024,7935,3471,0,0,0,0,0,0,0,28110,0,0,0,0,240272,0,0,0,0,0,0,0,0,0,15674,0,0,0,0,0,0,0,0,0,0,139893,0,0,87899,0,0,24820,0,0,0,0,0,0,0,0,192893,0,0,0,28970,0,16769,0,0,0,0,22242,0,0,0,0,0,22038,0,0,0,406834,51049,0,0,0,0,0,0,0,91229,0,0,0,97202,0,45329,0,10088,0,0,0,0,67532,0,0,0,0,0,0,0,0,0,0,0
135,0,0,0,0,0,0,0,0,0,0,0,0,0,0,0,0,0,0,0,0,8653,0,0,0,0,0,0,0,0,15958,0,0,0,0,0,0,0,0,6371,0,0,0,0,0,0,0,0,0,0,0,0,0,0,0,12602,0,0,0,0,0,0,0,0,6283,0,0,0,11552,0,0,0,0,0,0,0,0,0,0,16084,0,0,0,0,0,0,0,0,0,0,0,0,0,0,0,0,0,0,0,0,0,6127,0,2799,0,0,0,0,0,0,0,0,0,0,0,0,0,0,0,0,0,0,0,0,0,0,0,0,0,0,32191,0,0,0,0,0,0,0,0,0,0,0,0,0,0,0,0,0,0,0,10485,0,0,0,0,0,15030,0,0,0,0,0,0,0,0,0,0,0,0,0,0,0,0,0,0,0,0,0,0,0,0,0,0,0,0,0,0,0,0,0,0,0,12968,0,0,0,0,0,0,0,0,0,0,0,0,0,0,0,0,0
136,11440,7143,6585,1796,44183,0,19551,6435,0,9175,11212,21212,4699,0,0,24102,7764,6347,0,4882,3149,11375,0,0,7857,8784,0,0,7950,15123,7959,12072,0,6297,3348,14265,17488,19859,7084,5150,0,17619,0,6395,15009,4795,0,0,0,17710,10928,5546,0,0,0,0,4048,9284,5032,0,5410,6645,15096,0,6674,0,18950,12593,5616,15351,14597,0,0,0,14484,15763,28308,0,4431,7739,4685,0,0,3481,12858,4575,5798,5221,29718,8364,21592,0,0,0,0,0,13459,0,0,4741,8373,0,8073,24489,0,0,7118,0,4593,9166,0,9019,5260,16432,13037,9463,10222,0,8168,0,0,5006,0,0,34439,20829,7679,0,0,4972,0,0,3172,6337,10880,12070,11047,0,0,3790,10192,0,4238,17213,0,5412,0,5286,12120,9029,8835,5217,0,0,9625,9956,23144,0,0,0,18311,0,8346,0,13212,0,3574,0,5573,6151,5475,0,0,0,5499,25695,5065,0,0,6690,0,0,9372,4427,14739,11813,7817,4778,0,27003,16779,29934,5706,14673,0,0,0,12843,5780,0,1598,16691,6232,13038,4825,5292,0,0,14578
137,0,0,18349,94838,57843,2636,28427,6768,63336,8104,30537,0,159478,6678,6551,2139,19327,11020,0,24987,9579,5207,3388,181394,36566,15662,9180,95265,199944,54027,15713,104148,1646,23618,8465,17958,7527,104727,15345,11527,9510,6486,423264,37412,17230,6592,33822,22885,32473,74445,13069,0,22692,22872,8692,11020,0,88296,26160,0,19395,10307,40837,0,8532,53569,229925,5350,0,11264,23233,13696,36991,48691,0,3977,134171,0,31427,3400,22018,7331,23904,364323,16626,323710,22269,28217,0,27849,35345,0,0,0,0,14699,5359,0,15036,104643,2558,19964,28388,0,34351,0,0,0,61601,0,2639,0,48873,2591,6296,12913,6981,0,18480,8917,39862,87846,21735,43965,8486,33724,4810,28092,30241,21777,1371,0,34070,1586,8042,18425,10178,0,1876,82013,0,15043,19495,12924,13071,0,0,20328,27965,4000,20713,0,0,0,9411,73327,5235,11654,19635,0,14679,0,3575,11734,12413,54375,0,41474,0,172117,35582,13795,109573,13607,7964,9109,8097,83638,12213,8795,11231,2988,0,9428,0,0,0,23431,0,356333,142943,1101,3638,0,7345,0,0,110877,22643,12638,6849,17620,167017,30185,22447,4957,3475,20251,267147
138,0,0,5414,32928,0,0,9061,0,0,0,0,0,9565,0,0,0,20460,0,0,8917,0,0,0,0,10780,0,0,0,0,2947,0,5230,0,0,0,3681,0,5285,0,1558,0,12149,2412,10020,0,0,0,3684,8953,0,0,0,0,0,0,0,0,45110,0,0,0,0,70068,0,0,11814,13023,0,0,12981,5057,0,0,7687,0,0,0,2894,0,0,20263,0,3351,19082,0,29422,0,0,0,0,4877,0,0,0,0,0,0,0,5372,5831,0,5361,3662,0,0,0,0,0,3861,0,0,0,0,0,0,0,0,0,0,6990,3535,4605,0,5092,4576,12471,0,0,14857,0,0,0,0,9635,0,0,0,0,0,4031,0,0,3716,0,13675,0,0,0,0,0,6563,0,0,0,0,22743,0,4630,6359,0,0,0,0,0,0,0,0,0,0,8214,0,7817,10955,0,0,0,0,11764,0,0,0,0,2294,0,0,0,0,1788,0,24204,8396,0,0,0,0,0,0,0,0,0,0,0,0,0,0,0,0,0,0
139,0,0,2625,14133,11807,0,0,0,11011,11504,0,0,0,0,0,4783,0,1697,0,0,2808,3063,4281,0,14072,0,0,23878,19734,9921,13279,0,0,4717,6325,6004,0,0,2721,8028,0,16672,147498,10214,4484,39881,12713,5111,3688,37963,0,0,0,0,2833,0,0,48056,0,0,0,9031,0,0,2845,34797,4899,0,0,5779,19926,0,60697,3141,0,5802,0,0,2948,0,0,0,26967,0,16466,2037,5365,0,2280,2811,17351,0,0,0,0,0,0,0,25969,20235,0,18039,25361,0,7845,0,0,0,0,0,0,0,9953,0,0,12166,0,0,4952,2912,0,21597,16633,0,0,39770,3432,4955,0,7097,0,0,4309,0,0,3094,9784,0,0,20285,0,10146,0,8404,5921,0,0,0,16467,3487,2256,3894,0,0,0,2133,6051,0,837,0,5966,0,0,0,5733,34431,0,4887,3790,0,12453,12632,45863,0,10362,12727,7336,18119,4015,0,9596,2390,0,6716,0,0,0,0,0,0,44526,0,0,0,0,0,0,54232,0,15307,0,6385,97009,0,0,0,0,7052,15470
140,0,0,0,7088,3481,0,0,0,6318,0,0,0,11389,0,0,0,0,0,0,0,0,0,0,20316,6799,0,0,0,22889,0,0,3009,0,1981,0,0,0,0,0,0,0,0,74681,3955,0,0,3519,0,0,12872,0,0,0,0,0,0,0,8562,0,0,0,0,2958,0,0,11193,17616,0,0,0,6038,0,15654,3868,0,0,3381,0,0,0,0,0,1958,36249,0,33486,0,0,0,0,0,0,0,0,0,0,0,0,2767,11198,0,7940,0,0,0,0,0,0,10651,0,0,0,4791,0,0,0,0,0,0,0,0,8971,2394,7328,0,4746,0,0,0,0,0,0,0,0,0,0,0,0,0,10599,0,6085,0,0,0,0,0,0,4288,0,0,0,0,0,0,19501,0,0,0,0,0,0,0,0,0,5297,0,0,0,25422,0,7680,25108,0,0,0,0,6727,0,0,0,0,0,0,0,0,0,0,0,20656,18828,0,0,0,0,0,0,8915,0,0,0,953,17533,0,2620,0,0,0,24752
141,0,0,0,35763,46083,665,1745,0,7121,8852,16524,0,16841,0,9000,0,17389,17704,0,7793,3749,0,0,3055,13705,16783,0,13270,18310,20627,20772,8593,0,1967,9094,0,0,0,7685,5677,1793,1439,31654,4174,2562,2771,4644,0,17512,12956,0,0,7371,0,0,9169,0,1796,5050,0,2274,3536,7227,0,0,5814,25753,0,0,7190,4075,10594,3135,0,0,0,10790,0,12735,0,3168,0,10530,37445,9547,25077,2226,10177,0,0,10209,0,0,0,0,4111,0,0,0,0,0,6576,11354,0,1773,0,0,0,5576,0,0,0,4274,1832,5079,8218,0,0,8491,2871,1966,24301,1821,2173,4819,4503,0,1777,13722,0,0,0,42617,0,2601,0,9164,0,0,34100,0,7502,5744,2613,9121,0,0,4507,4247,0,0,3289,0,0,4696,0,2293,0,1858,0,10124,0,0,5845,5046,0,0,2879,3133,0,0,6634,7987,18559,10532,0,9086,3664,0,0,4891,0,0,0,0,0,0,5471,0,18416,7466,0,4206,0,0,0,0,16315,4637,1768,0,8179,9806,0,12478,0,0,0,36021
142,0,0,0,6072,0,0,0,0,0,0,13160,0,0,0,0,0,18086,33080,0,0,5047,0,11631,8423,13819,0,0,3907,8095,3972,0,1709,0,0,0,0,0,27214,0,0,0,58014,13575,0,0,28309,0,2859,2525,14561,0,0,21208,0,0,8014,0,7089,0,0,0,9048,0,0,0,19514,15667,0,0,13707,28072,16152,0,0,0,0,16897,7990,7478,0,17811,0,0,0,61177,0,0,0,0,0,43299,0,0,0,0,0,0,0,0,7710,0,7493,7922,0,0,0,0,0,14638,0,0,0,26401,0,0,2307,0,0,0,0,0,16093,18814,0,36940,0,10054,0,1091,0,0,0,9279,0,0,0,0,0,0,33542,0,0,0,24271,0,0,0,15014,12759,0,19817,0,0,0,0,27898,14156,0,0,0,17015,0,0,0,0,7553,0,13238,0,40536,0,17609,0,0,0,0,0,3507,0,0,4077,0,0,0,0,0,0,0,0,0,10647,0,0,0,0,0,0,10926,0,12534,0,3586,26963,0,0,0,0,0,16742
143,0,0,0,3325,0,0,0,0,0,0,1978,0,0,0,0,0,0,5830,0,0,0,0,0,0,0,0,0,0,0,0,0,0,0,0,0,0,0,0,0,0,0,0,2353,0,0,0,0,0,0,0,0,0,0,0,0,0,0,0,0,0,0,0,0,0,0,662,0,0,0,0,0,0,0,0,0,0,0,0,0,0,0,0,0,0,0,0,0,0,0,0,0,0,0,0,0,0,0,0,0,0,0,0,0,0,0,0,0,0,0,0,0,0,0,0,0,0,0,0,0,0,0,0,0,0,0,0,0,0,0,0,0,0,0,0,0,0,0,0,0,0,0,0,0,0,0,0,0,0,0,0,0,0,0,0,0,0,0,0,0,0,0,0,0,0,0,0,0,0,0,0,0,0,0,0,0,0,0,0,0,0,0,0,0,0,0,0,0,0,0,0,0,0,0,0,0,0,0,0,0,0,0,0,0,0,0,0,0,0,0
144,0,0,0,0,0,0,0,0,0,0,0,86238,0,0,0,0,0,0,0,0,0,0,0,0,0,0,0,0,0,0,0,0,0,0,0,33950,0,0,0,0,0,0,44929,0,68617,0,0,0,0,0,0,25527,0,0,0,0,0,0,0,0,0,0,72454,0,0,0,73255,0,0,0,0,0,0,0,0,0,0,10579,0,0,41051,0,0,0,0,0,0,0,0,0,16350,0,0,18380,0,0,0,0,0,0,0,0,0,75898,0,0,0,0,0,0,20646,0,0,0,0,0,0,0,0,0,0,0,0,21949,0,0,0,0,0,0,0,0,57742,0,0,45457,0,0,0,51650,0,0,0,0,0,0,0,0,0,0,0,0,0,0,0,0,0,0,5757,0,11816,0,0,0,0,0,0,0,0,0,0,0,0,0,0,0,0,5445,0,0,0,0,0,0,0,0,0,0,0,0,10849,17348,0,0,0,0,0,0,0,0,0,0,0,0,0,0,0,0,66910
145,0,0,0,0,0,0,0,0,0,0,0,0,0,0,0,0,0,0,0,0,0,0,0,0,0,0,0,0,11888,0,0,0,0,0,0,0,0,0,0,0,0,0,24844,0,0,0,0,0,0,0,0,0,0,0,0,0,0,0,0,0,0,0,0,0,0,0,5959,0,0,0,0,0,0,0,0,0,0,0,0,0,0,0,0,8376,0,6671,0,0,0,0,0,0,0,0,0,0,0,0,0,0,0,0,0,0,0,0,0,0,0,0,0,0,0,0,0,0,0,0,0,0,0,0,0,0,0,0,0,0,0,0,0,0,0,0,0,0,0,0,0,0,0,0,0,0,0,0,0,0,0,0,0,0,0,0,0,0,0,0,0,0,0,0,0,0,0,8192,0,0,0,5323,0,0,0,0,0,0,0,0,0,0,0,0,0,0,0,0,0,0,0,16618,5130,0,0,0,0,0,0,0,0,0,0,0,10561,0,0,0,0,0,0
146,0,0,0,0,21185,0,0,0,12678,0,10496,0,11788,0,0,0,0,0,0,0,0,0,0,5313,0,0,0,14619,28692,9350,0,8290,0,0,0,0,0,0,0,0,0,0,52279,0,0,0,0,0,0,0,0,0,0,0,0,0,0,31525,0,0,0,0,0,0,0,0,51191,0,0,0,9787,0,63020,8343,0,0,12872,0,0,0,0,0,0,21490,20967,21099,0,0,0,0,5584,0,0,0,0,0,0,0,0,16452,0,0,0,0,0,0,0,0,14169,0,0,0,3735,0,0,0,0,0,0,0,0,7724,0,0,0,9554,0,0,0,0,0,0,0,0,0,0,0,0,0,19073,0,0,0,0,0,0,0,0,0,0,0,0,0,0,0,19442,0,0,0,0,0,0,0,0,0,10228,0,16601,0,43004,0,7864,28822,0,0,4460,0,6084,0,0,0,0,0,0,0,0,0,0,0,55859,9165,0,0,0,0,0,0,19583,0,0,0,0,11206,0,0,0,0,0,25133
147,0,0,0,29560,9137,0,0,0,22729,0,12934,0,29433,0,0,0,0,7184,0,0,0,0,0,54711,14504,0,0,31283,0,6609,3729,19215,0,0,0,0,0,20849,0,4072,0,0,92544,13434,0,8579,7640,5788,0,29861,0,0,0,0,0,0,0,0,0,0,0,0,21645,0,0,24442,23326,0,0,0,8969,0,34162,0,0,0,33966,0,0,0,6767,0,3824,117101,5076,117869,0,0,0,0,0,0,0,0,0,0,0,0,0,29465,0,7836,11540,0,9633,0,0,0,29388,0,0,0,0,0,0,0,0,0,0,0,0,26789,5717,13820,0,21289,0,5382,0,0,0,0,0,0,0,0,0,0,0,16286,0,15496,5787,0,2330,0,0,3765,6075,0,3621,0,0,0,0,11343,0,0,0,0,0,0,0,0,0,0,0,8414,0,59476,7334,0,27281,0,0,0,0,4732,0,0,0,0,0,0,0,0,0,0,0,183426,29478,0,0,0,0,0,0,38882,0,0,0,0,14878,3174,5359,0,0,3004,68950
148,0,0,0,25886,0,0,4280,0,0,0,0,0,0,0,0,0,0,0,0,0,0,0,0,13715,0,0,0,0,45247,11666,0,8503,0,0,0,0,0,7608,0,0,0,0,58890,0,3853,0,0,0,7810,27263,0,0,0,0,0,0,0,36379,0,0,0,0,15786,0,0,14150,55104,0,0,5644,0,0,13646,16730,0,0,11565,0,0,0,0,0,0,0,0,0,0,0,0,0,11001,0,0,0,0,0,0,0,0,5974,0,8051,0,0,0,0,0,0,10491,0,0,0,0,0,0,0,0,0,5284,0,5844,0,0,0,0,2363,0,0,7408,0,0,0,0,0,0,0,0,0,0,35071,0,0,0,0,0,0,0,0,0,0,0,0,0,0,0,10193,0,0,0,0,2950,0,0,0,0,0,0,0,0,0,0,11529,25935,0,0,0,0,17360,0,0,0,0,0,0,0,0,0,0,0,51369,9882,0,0,0,0,0,0,0,0,4177,0,0,30728,0,0,0,0,0,35860
149,0,1835,5392,0,0,3876,0,0,0,0,0,0,0,0,0,4764,0,0,0,3457,0,0,0,0,0,6256,0,0,0,0,0,0,0,0,0,0,0,0,0,0,0,0,0,0,0,0,0,0,0,0,0,0,0,0,0,0,0,0,0,0,4017,0,0,0,0,0,0,0,0,0,0,3567,0,0,0,0,0,0,0,0,0,0,0,0,0,0,0,0,0,3899,0,0,3800,0,0,0,0,0,0,0,0,0,0,0,0,0,0,0,0,0,0,0,0,0,0,0,0,0,0,0,0,0,0,0,0,0,3572,0,0,0,0,0,0,0,2315,0,0,0,0,0,0,0,0,0,0,0,0,0,0,0,0,2147,0,0,0,0,0,0,0,0,0,0,3677,0,0,0,0,0,0,2041,0,0,0,0,0,0,0,0,0,0,0,0,0,0,0,4263,0,0,0,0,0,2622,0,0,2849,0,0,0,0,0,3953,0,0,0,1986,0,0,0,0
150,0,0,0,5083,15862,0,0,0,2073,0,0,0,0,0,0,0,0,0,0,0,0,0,0,36527,11642,0,0,0,0,2266,0,0,0,0,0,0,0,0,0,0,0,7533,2028,0,0,0,0,0,0,4256,0,0,0,0,0,0,0,0,0,0,0,0,0,0,0,14671,0,0,0,0,0,0,19491,0,0,0,0,0,0,0,0,0,0,15200,2504,18603,0,0,0,0,0,0,0,0,0,0,0,0,0,0,0,4705,17804,0,1814,0,0,0,0,0,0,0,3940,0,0,0,0,0,0,0,0,15654,0,0,0,16723,0,0,0,0,0,0,8821,0,0,0,0,0,0,4673,0,984,0,0,11327,0,0,0,0,0,0,0,0,0,0,6166,0,0,0,0,0,0,0,0,0,0,0,4720,0,13779,0,27708,42224,0,0,0,1730,0,0,0,0,0,0,0,0,0,0,0,0,37684,0,0,0,0,0,0,0,0,0,0,0,0,30642,0,0,0,0,0,2453
151,0,0,0,5723,0,0,0,0,0,0,0,0,0,0,0,0,0,0,0,0,0,0,0,0,1625,0,0,0,0,0,0,0,0,0,0,0,0,2343,0,0,0,0,17405,0,0,0,0,0,0,0,0,0,0,0,0,0,0,2729,0,0,0,0,0,0,0,0,10698,0,0,0,0,0,0,0,0,0,0,0,0,0,0,0,0,12371,2767,6418,0,0,0,0,0,0,0,0,0,0,0,0,0,0,0,0,0,0,0,0,0,0,0,0,0,0,1984,0,0,0,0,0,0,0,0,0,0,0,0,2219,0,0,0,0,0,0,3843,0,0,0,0,0,0,11436,0,0,0,0,0,0,0,0,0,0,0,0,0,0,0,0,0,0,0,0,0,0,0,0,0,0,0,0,0,6617,0,0,16635,0,0,0,0,0,0,0,0,0,0,0,0,0,0,0,0,0,0,0,0,0,0,0,0,0,0,0,0,0,3898,0,0,0,0,0,9061
152,0,0,0,0,0,0,0,0,0,0,0,0,0,0,0,0,0,0,0,0,0,0,0,9622,0,0,0,0,0,0,0,0,0,0,0,0,0,0,0,0,0,0,0,3366,0,0,0,0,0,0,0,0,0,0,0,0,0,6114,1426,0,0,0,0,0,0,0,0,0,0,0,0,0,0,0,0,0,4695,0,0,0,0,0,0,0,0,0,0,0,0,0,0,0,0,0,0,0,0,0,0,0,0,0,0,0,5849,0,0,0,0,0,0,0,0,0,0,0,0,0,0,0,0,0,0,0,0,0,0,0,0,0,0,0,0,0,0,0,0,0,0,0,0,0,0,0,0,0,0,0,0,0,0,0,0,0,0,0,0,0,0,0,0,0,0,0,0,0,0,0,0,0,0,0,0,0,0,0,0,0,0,0,0,0,0,0,0,0,0,0,0,0,0,0,0,0,0,0,0,12803,0,0,0,0,0,0,0,0,0,0,0
153,0,88900,0,0,5001,0,0,0,0,0,0,0,121836,0,0,0,51745,55747,0,0,63904,0,0,0,0,0,0,0,266100,0,56180,0,0,0,0,100015,124797,0,0,0,0,0,0,226552,0,0,0,0,0,0,13281,47233,9673,0,59060,0,82123,0,0,0,0,83922,18825,0,0,0,93298,0,0,0,0,0,0,0,48595,0,0,0,0,0,0,0,0,0,0,0,0,0,53672,0,0,0,0,23715,92016,10940,141840,0,80139,162457,82361,0,0,0,0,0,0,94482,0,0,0,157495,91390,0,0,51604,0,0,0,0,0,86112,0,0,0,91210,0,47622,0,16496,0,0,0,0,0,0,0,0,0,38617,57062,52993,0,0,0,8140,0,0,193157,17671,116251,0,81133,0,75644,99243,0,1760,0,40627,0,0,0,0,0,0,76886,0,0,0,57438,70199,0,0,0,0,0,0,0,0,122954,0,0,0,0,29716,0,0,0,0,0,57767,0,0,0,62093,19889,0,0,33179,0,0,0,11677,0,0,133044,0,0
154,0,0,0,0,0,0,0,0,0,0,0,0,0,0,11871,0,0,0,0,0,0,5922,0,0,0,0,0,0,0,0,0,0,0,0,0,0,0,0,0,0,0,7211,0,0,0,4927,0,0,0,0,0,0,6861,0,0,0,0,0,0,0,0,0,0,0,0,0,0,0,0,9870,0,0,0,0,0,0,0,0,0,0,0,0,0,0,0,0,0,0,0,0,0,5879,0,0,0,0,0,0,0,0,0,0,0,0,0,0,0,0,0,8197,0,0,0,0,0,20467,0,0,0,0,0,0,0,0,0,0,0,0,0,0,0,0,0,14229,14281,0,0,0,0,0,0,0,0,0,2188,0,0,0,0,0,0,0,0,0,0,0,0,0,0,0,0,0,8623,0,0,0,0,0,0,0,0,0,0,9281,0,0,0,0,0,10086,0,0,0,0,0,5043,0,0,0,0,0,0,0,0,0,0,0,0,0,0,0,0,0,0,0,5726,0,0,0
155,0,0,0,0,0,0,0,0,0,0,0,0,0,0,0,0,0,0,4192,0,0,0,0,0,8564,0,0,0,9061,0,0,0,0,0,0,0,0,0,0,0,0,0,0,0,5060,0,0,0,0,0,0,0,0,0,0,0,0,0,0,0,0,0,0,0,0,0,0,0,0,0,0,0,0,5356,0,0,0,0,0,0,0,0,14673,0,0,0,0,0,0,0,0,0,0,0,0,0,0,0,0,0,0,0,0,0,0,0,0,6591,0,0,0,0,0,0,0,6174,0,0,0,0,0,14954,0,0,0,0,0,0,0,13255,0,0,0,0,0,0,0,0,30088,0,0,0,0,0,0,0,0,0,0,0,31686,0,0,0,0,0,0,0,0,0,0,0,0,0,0,0,0,0,0,0,0,0,0,0,5183,0,0,0,0,27092,0,0,0,0,0,20960,0,0,0,0,0,0,0,0,0,0,0,0,0,0,0,0,0,0,0,0,0,0,0
156,0,0,0,12121,131022,0,131784,137207,0,0,28681,0,0,0,0,0,0,0,0,0,0,0,0,0,296689,157503,0,0,89768,230932,157792,315038,246671,0,0,0,21606,52467,94254,0,24960,0,0,88139,0,129384,18287,0,0,97986,9600,0,0,90501,0,43420,0,616327,0,0,0,0,329361,0,0,0,392448,0,0,184447,0,0,0,0,0,0,147340,0,109495,0,0,0,0,141961,125060,0,154443,38712,0,0,84687,29502,0,0,0,0,5864,0,0,0,10277,0,0,0,17679,0,0,0,21570,0,30628,29096,79945,0,0,8711,2880,0,0,0,59602,78992,38079,51897,0,0,0,32611,0,0,0,0,63851,0,0,0,0,6393,0,39525,0,21288,0,0,0,0,0,0,0,0,0,0,0,0,0,0,0,6516,32489,103704,0,0,108108,10016,76937,412492,0,0,0,219707,38343,0,10470,77115,80480,11407,0,0,0,0,0,0,0,147953,0,8639,0,0,0,0,36146,0,23482,11418,0,0,0,364534,35894,0,0,184242,0,0,35549,0,0,0,94423
157,0,0,0,0,0,0,0,0,0,0,0,0,0,0,0,0,0,0,0,0,0,0,0,0,0,0,0,0,0,0,0,0,0,0,0,0,0,0,0,0,0,0,0,0,0,0,0,0,0,0,0,0,0,0,0,0,0,0,0,0,0,11691,0,0,0,0,0,0,0,0,0,0,0,0,0,63993,0,0,0,0,0,0,0,0,0,0,13560,0,0,0,0,0,0,0,0,12677,0,0,0,0,0,0,0,0,0,0,0,0,0,0,0,0,0,0,0,0,0,0,0,0,0,0,0,0,0,0,0,0,0,0,0,0,0,0,0,0,0,0,0,0,0,0,0,0,0,0,0,0,0,0,0,0,0,0,0,0,0,0,0,0,0,0,0,0,0,0,0,0,0,0,0,8492,0,0,0,0,0,0,0,0,0,0,0,0,0,0,0,0,0,0,0,0,0,0,0,0,0,0,0,0,0,0,0,0,0,0,0,0,0
158,0,0,0,0,11520,0,0,0,0,0,0,0,0,0,0,0,0,0,0,0,0,0,0,0,0,0,0,0,7321,0,0,0,0,0,0,0,0,0,0,0,0,0,0,0,0,0,0,0,0,0,0,0,0,0,0,0,0,0,0,0,0,0,0,0,0,0,0,0,10285,0,0,0,0,0,0,0,0,0,0,0,0,0,0,0,0,0,0,0,0,0,0,0,0,0,0,0,0,0,0,0,0,0,0,0,0,0,0,0,0,0,0,0,0,0,0,0,0,0,0,5402,0,0,5324,0,0,0,0,0,0,0,0,0,0,0,40724,0,0,0,0,0,0,0,0,0,0,0,0,0,0,0,0,0,0,0,0,0,0,0,0,0,0,0,0,0,0,0,0,0,0,0,0,0,0,0,40775,0,0,0,0,0,0,0,10338,0,0,0,0,0,0,0,0,0,14599,0,0,0,0,0,0,0,0,0,0,0,0,0,0,0,0
159,0,0,0,0,0,0,0,0,0,0,0,53690,0,0,0,0,0,0,0,0,0,0,23337,273656,0,0,0,0,0,0,0,0,0,0,0,0,0,16117,0,0,0,0,0,0,0,0,0,0,0,0,42197,0,0,0,0,0,0,0,30354,0,0,0,0,0,0,0,0,0,0,25058,11334,0,0,0,0,0,0,0,0,0,0,0,0,0,0,0,0,0,0,0,23331,0,0,0,0,0,0,0,0,0,0,0,0,0,0,0,0,0,0,0,0,0,0,0,0,0,0,0,47703,0,0,0,0,0,0,0,0,0,0,0,0,0,0,42057,0,0,0,0,0,0,0,0,0,0,0,0,0,0,0,0,0,0,0,0,0,0,0,0,0,0,37018,0,0,0,0,0,0,55811,0,0,0,0,0,0,0,0,34823,0,0,0,0,0,0,0,0,0,0,0,0,0,0,0,0,0,0,0,0,0,0,0,0,0,0,0,46650,0,0,9397,0
160,0,0,0,215319,0,0,0,0,0,0,0,0,0,0,0,0,0,0,0,0,69464,29402,0,0,0,0,0,0,0,0,0,0,62193,0,0,0,0,0,0,0,0,0,0,0,0,0,0,0,0,0,0,0,0,16442,0,34100,0,0,0,0,0,0,0,0,0,43121,0,0,0,0,0,0,40530,0,0,0,0,0,0,0,0,0,0,0,0,0,0,0,0,0,0,0,0,0,0,0,0,0,0,0,0,0,0,0,0,0,0,0,46480,0,0,0,0,0,22541,0,0,0,0,0,156676,0,0,0,0,0,0,0,0,0,0,0,0,0,0,0,0,0,0,0,0,0,0,0,0,0,0,0,87229,0,0,0,0,0,0,0,0,0,0,0,0,0,0,0,0,0,0,0,0,0,0,0,59294,0,0,0,0,0,0,0,32605,0,0,0,0,0,0,0,0,0,0,0,0,0,0,0,0,0,0,0,0,0,0,0,0,0,0,0,0
161,0,0,0,19458,0,0,0,0,0,0,0,0,0,0,0,0,0,0,5872,0,0,0,0,20098,0,0,0,0,28463,0,0,0,0,0,0,0,0,9263,0,0,0,0,0,0,0,0,0,0,0,0,0,0,0,0,0,0,0,0,0,0,0,0,0,0,0,0,0,0,0,0,0,0,0,0,0,0,0,0,0,0,0,0,0,0,0,0,0,0,2500,0,3540,49116,0,0,0,0,0,0,5263,0,10988,0,0,0,0,0,0,0,5897,0,0,0,0,0,0,0,0,0,0,0,0,0,17881,0,0,0,0,0,0,0,0,0,0,4548,0,7114,0,0,7585,0,0,9910,0,0,0,0,0,0,0,0,0,0,0,0,0,0,0,4235,8974,5585,0,0,0,0,0,0,0,0,0,0,0,0,0,0,0,0,0,0,0,0,0,0,13976,2093,0,0,0,0,0,0,0,0,0,0,0,8294,0,0,0,0,0,0,0,0,0,0,12758,0,0
162,0,0,0,0,0,0,0,0,0,0,0,0,0,0,0,0,0,0,0,0,0,0,0,0,0,0,0,0,0,0,0,0,0,0,0,0,0,0,0,0,0,0,0,0,0,0,0,0,16236,0,0,0,0,0,0,0,0,0,0,0,0,0,0,0,0,0,0,0,0,0,0,0,0,0,0,0,0,0,0,0,0,0,0,0,0,0,0,0,0,0,0,0,0,0,0,0,0,0,0,0,0,0,0,0,0,0,0,6300,0,0,0,0,0,0,0,0,0,0,0,0,0,0,0,0,0,0,0,0,0,0,0,0,0,0,0,0,0,0,0,0,0,0,0,0,0,0,0,0,0,0,0,0,9412,0,0,0,0,0,0,0,0,0,0,0,10909,0,0,0,0,0,0,0,0,0,0,0,0,4195,0,0,0,0,0,0,0,0,0,0,0,0,0,0,0,0,0,0,0,0,10094,0,0,0,0,0,0,0,0,0,0
163,0,0,0,0,0,27155,0,0,0,0,50949,0,0,0,0,0,0,0,7973,0,0,0,0,0,0,0,0,0,0,0,0,0,11011,0,0,60315,0,0,0,0,0,0,0,51186,0,0,29776,0,0,44741,0,0,60130,0,0,0,0,0,0,0,0,0,9771,0,46350,0,0,0,0,0,0,0,0,0,0,0,0,0,0,0,66777,0,0,0,0,0,0,0,0,0,0,0,0,0,0,0,0,54155,0,60317,0,0,0,0,0,0,0,9880,0,0,0,0,0,0,44566,0,0,0,0,0,0,31833,0,35996,0,82168,0,0,0,0,0,0,0,0,59801,0,0,0,0,0,0,0,41489,53377,0,0,0,0,69134,42126,0,0,0,20781,0,0,0,0,0,0,0,0,0,0,0,0,0,0,0,0,0,53060,0,0,0,0,0,0,0,0,0,34302,30593,0,0,66131,0,0,0,0,0,0,0,0,0,0,26857,0,0,0,0,0,0,0,0,52161,0,0,30902
164,0,0,0,0,0,0,0,0,0,0,0,0,0,0,0,0,0,0,0,0,0,0,0,0,0,0,0,0,0,0,0,0,47168,56383,0,0,0,0,0,0,0,0,0,0,0,0,0,0,0,0,0,0,0,0,0,0,0,0,0,0,0,0,0,0,0,0,0,0,0,0,0,0,0,0,0,0,0,0,0,0,0,0,0,0,43469,0,0,0,0,0,20734,0,0,0,20889,0,0,30116,0,0,0,0,0,0,0,0,0,0,0,0,0,0,0,0,0,0,0,0,65978,0,0,0,0,0,0,0,0,0,0,0,0,0,0,0,0,0,0,0,0,0,0,0,0,0,0,0,0,0,0,0,0,0,0,0,0,0,0,0,0,0,0,0,0,0,0,0,0,0,0,0,0,0,0,0,0,0,0,0,0,0,0,0,0,0,0,0,0,0,0,0,0,0,0,0,0,0,0,0,0,0,0,0,0,0,0,0,0,0,0
165,0,4253,0,0,45417,0,7545,0,0,0,0,0,0,0,0,0,0,0,0,0,0,0,0,0,12687,0,0,0,2210,0,0,2462,0,0,0,12569,0,9604,8058,0,0,0,0,0,10724,0,0,0,0,0,0,0,0,0,0,0,0,15125,0,0,0,0,12254,0,0,0,6658,12447,0,0,3822,0,0,0,0,3729,15988,0,0,0,0,0,0,0,6264,0,0,0,15440,0,2198,0,0,0,0,0,0,0,0,0,7318,0,13398,0,0,0,0,0,0,0,1647,0,10217,0,0,20069,0,0,2477,0,3045,9035,0,0,0,7948,0,0,0,0,0,0,0,0,0,0,0,2591,0,0,0,0,0,0,10299,9319,0,0,3171,0,3897,0,0,0,0,0,0,0,0,0,0,0,0,0,0,0,0,0,0,6082,0,0,0,0,0,0,0,0,0,0,0,0,4032,0,0,10060,0,0,0,16116,0,19900,0,0,0,0,0,6198,0,0,8852,10659,6965,0,0,0,0,0,11892
