,baseMean,log2FoldChange,Abs,lfcSE,stat,pvalue,padj,Kingdom,Phylum,Class,Order,Family,Genus,confidence
8f19d22ebcd241e17844dd9bf34c18ef,42.8113227902241,23.8215060225773,23.8215060225773,2.98109224823301,7.99086510546499,1.33995111464622E-15,2.31811542833795E-13,k__Bacteria, p__Bacteroidetes, c__Bacteroidia, o__Bacteroidales, f__S24-7, g__,0.9999999
a768ef445da67c4bbf1c83a6aef3d643,28.6325231463703,23.256148513032,23.256148513032,2.98143475624447,7.80032112536526,6.1749837762193E-15,5.00481446696683E-13,k__Bacteria, p__Bacteroidetes, c__Bacteroidia, o__Bacteroidales, f__S24-7, g__,0.9999578
ae6f858a33e49815fcd83690ada389c8,26.0642026015218,23.1285245696916,23.1285245696916,2.98153542087634,7.75725299379257,8.67886901786155E-15,5.00481446696683E-13,k__Bacteria, p__Bacteroidetes, c__Bacteroidia, o__Bacteroidales, f__S24-7, g__,0.9999999
3e5c8bf7fcc6ac8b3583d8ea5c5ed52b,23.2993709291881,22.9696853256857,22.9696853256857,2.9816706014287,7.70362940650774,1.32255042093049E-14,5.68063419397982E-13,k__Bacteria, p__Bacteroidetes, c__Bacteroidia, o__Bacteroidales, f__S24-7, g__,0.9999565
bc3d4362a4202a212746fb992ef35d51,21.5402385772421,22.861595645701,22.861595645701,2.98177475063611,7.66711021374901,1.75914614183696E-14,5.68063419397982E-13,k__Bacteria, p__Bacteroidetes, c__Bacteroidia, o__Bacteroidales, f__S24-7, g__,0.999986
47efe892b8c48b5dd79f8bc3220443ca,20.8385118750342,22.8185565515037,22.8185565515037,2.98181977922589,7.65256059755148,1.97016214820109E-14,5.68063419397982E-13,k__Bacteria, p__Bacteroidetes, c__Bacteroidia, o__Bacteroidales, f__S24-7, g__,0.9999753
a981780d86465164f5ccce93bff9b789,15.8911760767841,22.4337475097091,22.4337475097091,2.98226023515546,7.52239769194374,5.3780698624921E-14,1.18258834200765E-12,k__Bacteria, p__Bacteroidetes, c__Bacteroidia, o__Bacteroidales, f__S24-7, g__,0.9999993
ce8d166eac2f7d8c188a49987496132a,15.7530491199455,22.427378537424,22.427378537424,2.98227883469207,7.52021517120805,5.46861661044002E-14,1.18258834200765E-12,k__Bacteria, p__Bacteroidetes, c__Bacteroidia, o__Bacteroidales, f__S24-7, g__,0.9999994
bdb2e15ceec8fffb7828937fc693cccf,13.8590429282857,22.2462090019467,22.2462090019467,2.98253760562353,7.45881928194361,8.73012494467036E-14,1.67812401714219E-12,k__Bacteria, p__Bacteroidetes, c__Bacteroidia, o__Bacteroidales, f__S24-7, g__,0.9999538
9b7931d08c62607249fe12c2b5769e79,13.3108830130167,22.1907350045781,22.1907350045781,2.98262590198443,7.43999942795842,1.00685736220836E-13,1.74186323662046E-12,k__Bacteria, p__Bacteroidetes, c__Bacteroidia, o__Bacteroidales, f__S24-7, g__,0.9999671
7c08724b21752e0ddb401a5a9a78554e,28.2207487298828,21.9568857738078,21.9568857738078,2.98144960440918,7.36450005438174,1.77811981487863E-13,2.79649752703639E-12,k__Bacteria, p__Bacteroidetes, c__Bacteroidia, o__Bacteroidales, f__S24-7, g__,0.9999994
308e2cd842a38e889cb29cc39670604a,11.0502017548264,21.8099346750562,21.8099346750562,2.98307393104755,7.31122834337443,2.64711246850338E-13,3.81625380875905E-12,k__Bacteria, p__Bacteroidetes, c__Bacteroidia, o__Bacteroidales, f__S24-7, g__,0.9999995
07459a23004d839533d9cb04f3bda700,8.91142710097474,21.6368244697768,21.6368244697768,2.98371135024548,7.25164800810798,4.11730762259256E-13,5.47918629775779E-12,k__Bacteria, p__Bacteroidetes, c__Bacteroidia, o__Bacteroidales, f__S24-7, g__,0.9999999
7dd186109500fdf8336153937b355042,8.53007783475118,21.5702891104969,21.5702891104969,2.98385899074502,7.2289907724866,4.86596489924661E-13,6.01294233978331E-12,k__Bacteria, p__Bacteroidetes, c__Bacteroidia, o__Bacteroidales, f__S24-7, g__,0.9945167
fb3fc6723c3ed135648168e874291b8b,24.4149712416712,21.3877569338157,21.3877569338157,2.98161422058964,7.17321402149273,7.32571911800768E-13,8.44899604943553E-12,k__Bacteria, p__Bacteroidetes, c__Bacteroidia, o__Bacteroidales, f__S24-7, g__,0.9999991
f3cd6871041f059c8b3608e62a69b19b,52.9759483260465,9.44101576176635,9.44101576176635,2.21631185819456,4.2597866933118,2.04622086053186E-05,0.000221247630545,k__Bacteria, p__Bacteroidetes, c__Bacteroidia, o__Bacteroidales, f__S24-7, g__,0.9999994
6e1a89b33524e911a2fd887042520340,39.8672705817184,9.03066581826162,9.03066581826162,2.66180171289121,3.39268916032541,0.000692101272733,0.006651862232375,k__Bacteria, p__Bacteroidetes, c__Bacteroidia, o__Bacteroidales, f__S24-7, g__,0.999984
f0238022104202ef0f46df5eee21eaf6,39.3119335230508,9.00979770839436,9.00979770839436,2.40336615580311,3.74882440889812,0.000177665416938,0.001808006890016,k__Bacteria, p__Bacteroidetes, c__Bacteroidia, o__Bacteroidales, f__S24-7, g__,0.9999999
9fb556645444d1f9d5c124e5c343ee7b,37.6621084005179,8.94885270438473,8.94885270438473,2.67359329217883,3.34712565690645,0.000816541881196,0.007434828707728,k__Bacteria, p__Bacteroidetes, c__Bacteroidia, o__Bacteroidales, f__S24-7, g__,0.9999997
0d697156cd5695480f8ac2012036bd30,22.6543779271215,8.21608802090496,8.21608802090496,2.98170591599258,2.75549911774914,0.005860266256975,0.048277431545556,k__Bacteria, p__Bacteroidetes, c__Bacteroidia, o__Bacteroidales, f__S24-7, g__,0.9999998
1552406084b0c0c1f3c2e5dd59265a9b,17.6076254899617,7.85177910671729,7.85177910671729,2.80842521884919,2.79579426007815,0.005177234696997,0.04478308012902,k__Bacteria, p__Bacteroidetes, c__Bacteroidia, o__Bacteroidales, f__S24-7, g__,0.9999999
31104eba47b7c647b4712e33dfeb786b,15.1040586797919,7.6310999066923,7.6310999066923,2.98235798919623,2.55874711699146,0.010505012773445,0.082607600445728,k__Bacteria, p__Bacteroidetes, c__Bacteroidia, o__Bacteroidales, f__S24-7, g__,0.9999999
a806f4b5cbda39695fa5af7029a1ef70,13.2650868424827,7.44396956495581,7.44396956495581,2.9826288015276,2.49577472099219,0.012568239220583,0.094535016746128,k__Bacteria, p__Bacteroidetes, c__Bacteroidia, o__Bacteroidales, f__S24-7, g__,0.9999999
49d0d7e93b41e4ce4b94977c249ae7ef,11.4143999447024,7.22688893059471,7.22688893059471,2.98299018755178,2.42269953174938,0.015405662905334,0.111049153442613,k__Bacteria, p__Bacteroidetes, c__Bacteroidia, o__Bacteroidales, f__S24-7, g__,0.9999994
12fe30572e040f588e9fd11cd8524ad8,7.13595456404335,6.55225345894938,6.55225345894938,2.98453124390163,2.19540454546682,0.028134591347227,0.194691372122811,k__Bacteria, p__Bacteroidetes, c__Bacteroidia, o__Bacteroidales, f__S24-7, g__,0.9999997
51e8edf671ca50b4fbc43f4c3ec9f50c,6.86191074622217,6.49591712674621,6.49591712674621,2.98469542294319,2.17640871387159,0.02952471279999,0.196452896707626,k__Bacteria, p__Bacteroidetes, c__Bacteroidia, o__Bacteroidales, f__S24-7, g__,1
d08ea27f7d751d71aef662d24ca84d62,5.80762238157215,6.25586035292759,6.25586035292759,2.98547122645237,2.09543481695565,0.036132357201035,0.231514733177001,k__Bacteria, p__Bacteroidetes, c__Bacteroidia, o__Bacteroidales, f__S24-7, g__,0.9999418
7db509e298401edfc42514f0e35a48bd,5.16092520914655,6.08618411186744,6.08618411186744,2.98610249700411,2.03816986120657,0.041532948472581,0.256614288777018,k__Bacteria, p__Bacteroidetes, c__Bacteroidia, o__Bacteroidales, f__S24-7, g__,0.9999472
4293a84720569009161eb26dc6cba31c,5.45965244664694,-5.60279571982053,5.60279571982053,2.99683160928175,-1.86957308594438,0.061543125640803,0.367136577098585,k__Bacteria, p__Bacteroidetes, c__Bacteroidia, o__Bacteroidales, f__S24-7, g__,0.9999749
d4a552739e270b6188e83103b91ef909,20.0597585207956,4.23321753546902,4.23321753546902,2.91286891090373,1.45328116882392,0.146145703574675,0.790100209950586,k__Bacteria, p__Bacteroidetes, c__Bacteroidia, o__Bacteroidales, f__Bacteroidaceae, g__Bacteroides,0.9696437
2e644a61d0aedb0afba39a04177de7f4,50.0738438623406,3.74577694443566,3.74577694443566,2.41149669739909,1.55329963689175,0.120351566981556,0.67163938992933,k__Bacteria, p__Bacteroidetes, c__Bacteroidia, o__Bacteroidales, f__S24-7, g__,0.9999998
37e0848ac386170603ffb706f4971fa6,1.2606272202258,-3.50639251930527,3.50639251930527,3.00981915110398,-1.16498445364039,0.244025285799287,0.952662430525721,k__Bacteria, p__Firmicutes, c__Bacilli, o__Lactobacillales, f__Lactobacillaceae, g__Lactobacillus,0.8816219
35782ee448589c93a59ce4719dafc0f2,84.7606972916899,3.08948302443137,3.08948302443137,2.67324831853583,1.15570371933256,0.247802366321719,0.952662430525721,k__Bacteria, p__Bacteroidetes, c__Bacteroidia, o__Bacteroidales, f__S24-7, g__,0.9985806
a94ae003db4efaa9f3379eeef09d600a,43.6382924378938,3.04074818619623,3.04074818619623,2.49629269257864,1.21810563129726,0.223183834203051,0.92301128367634,k__Bacteria, p__Bacteroidetes, c__Bacteroidia, o__Bacteroidales, f__S24-7, g__,1
e5180ec90317980d3120ca519bda5e5e,50.854069451385,3.00066159657036,3.00066159657036,2.89602417683106,1.03613140407336,0.300140843139343,0.993163840265996,k__Bacteria, p__Bacteroidetes, c__Bacteroidia, o__Bacteroidales, f__S24-7, g__,0.9988246
60f65c58b8bc5dd66ab5db5c4522f964,32.5469216509945,2.8803977628437,2.8803977628437,2.89802727209683,0.993916720721413,0.320263413234627,0.993163840265996,k__Bacteria, p__Bacteroidetes, c__Bacteroidia, o__Bacteroidales, f__S24-7, g__,0.9999864
78f2a0e8a04135b8faff7e3ef1f9d88e,32.1443913416899,2.87985912185516,2.87985912185516,2.82835350298679,1.01821046018964,0.308577949492205,0.993163840265996,k__Bacteria, p__Bacteroidetes, c__Bacteroidia, o__Bacteroidales, f__S24-7, g__,0.9999996
add6feb7ab50d5292ffdc30d3d8cbcb7,30.3632808356849,2.86040623288321,2.86040623288321,2.60020747646747,1.10006845944818,0.271302294936219,0.977818687999289,k__Bacteria, p__Firmicutes, c__Clostridia, o__Clostridiales, f__, g__,0.9936778
5b11801bb8adfc9ff5e1a1960d96bc16,27.7053555924725,-2.80871251523844,2.80871251523844,2.90258249503201,-0.967659840864389,0.33321428070936,0.993163840265996,k__Bacteria, p__Bacteroidetes, c__Bacteroidia, o__Bacteroidales, f__S24-7, g__,0.9999706
6f723b313dfe49e5e24e8273f0e69d06,8.93152373873238,2.7419312439025,2.7419312439025,2.91288958451643,0.941309707885027,0.34654616928437,0.993163840265996,k__Bacteria, p__Bacteroidetes, c__Bacteroidia, o__Bacteroidales, f__Bacteroidaceae, g__Bacteroides,0.9772062
422b0a2f5cff0e07d7622bb32bc50a60,61.6801472454274,2.65177056606997,2.65177056606997,2.01283587117993,1.31743010149928,0.187694496513965,0.902801636146497,k__Bacteria, p__Bacteroidetes, c__Bacteroidia, o__Bacteroidales, f__S24-7, g__,0.9999995
368534e4ba12b1880d2ca645975eaaee,33.7087088624852,2.56675779135514,2.56675779135514,2.8970070562215,0.886003292895978,0.3756157527796,0.993163840265996,k__Bacteria, p__Bacteroidetes, c__Bacteroidia, o__Bacteroidales, f__S24-7, g__,0.9999999
f88e7637ec364e52e2f706914ba356fb,18.1250781024909,2.56427527181492,2.56427527181492,2.90146410688704,0.883786659889484,0.376811388974225,0.993163840265996,k__Bacteria, p__Bacteroidetes, c__Bacteroidia, o__Bacteroidales, f__S24-7, g__,0.9999996
42264f85b88d55214c083f2afc749190,29.1153704227752,2.55502296283758,2.55502296283758,2.89779942392899,0.881711460682584,0.377932861759617,0.993163840265996,k__Bacteria, p__Bacteroidetes, c__Bacteroidia, o__Bacteroidales, f__S24-7, g__,0.9999389
39b44a0646335aecc771eb7d8d5fb921,49.2882375193808,2.46601460031519,2.46601460031519,2.31127806040989,1.06694847433366,0.285995103770673,0.989543059046529,k__Bacteria, p__Bacteroidetes, c__Bacteroidia, o__Bacteroidales, f__S24-7, g__,1
26f30d52a432c32faa6d7d141ee3a18b,35.6396956828468,2.39738137758192,2.39738137758192,2.59710103570437,0.923099003320722,0.355955613991716,0.993163840265996,k__Bacteria, p__Bacteroidetes, c__Bacteroidia, o__Bacteroidales, f__S24-7, g__,0.9999992
47e13ed5a6f8712dc0cd439dca1aa08c,61.0317665131721,2.23085108613061,2.23085108613061,2.70713938423834,0.824062144387245,0.409904248337689,0.993163840265996,k__Bacteria, p__Bacteroidetes, c__Bacteroidia, o__Bacteroidales, f__S24-7, g__,0.9999993
e2016db4b16934f9f5dd4d170a365437,16.4661702678774,2.19806659109014,2.19806659109014,2.90094856415449,0.757706157996216,0.448626911683313,0.993163840265996,k__Bacteria, p__Bacteroidetes, c__Bacteroidia, o__Bacteroidales, f__S24-7, g__,0.9999998
439e4f84c2a2e0c0f39e67ceabe0632a,73.7178567907875,2.18751618888124,2.18751618888124,1.94365657794041,1.12546435090876,0.260392315441585,0.965258996294123,k__Bacteria, p__Bacteroidetes, c__Bacteroidia, o__Bacteroidales, f__S24-7, g__,0.9999999
37835e4fbbd6bb6b2f6dbbbad70f9372,100.876684342296,2.16371383130639,2.16371383130639,1.55355701073624,1.39274826501604,0.163695927833841,0.858163500462257,k__Bacteria, p__Bacteroidetes, c__Bacteroidia, o__Bacteroidales, f__S24-7, g__,0.9999986
a101944cfe22d9ca0abe99f03b51979e,36.727144606702,2.14895433098743,2.14895433098743,2.85341100041411,0.75311770042085,0.451379188786822,0.993163840265996,k__Bacteria, p__Bacteroidetes, c__Bacteroidia, o__Bacteroidales, f__Bacteroidaceae, g__Bacteroides,0.9572033
14aa1ed941114d87293f3a41fdca7ecd,68.3263209999534,2.12979967711463,2.12979967711463,2.33124916136652,0.913587321514016,0.360933730866444,0.993163840265996,k__Bacteria, p__Bacteroidetes, c__Bacteroidia, o__Bacteroidales, f__S24-7, g__,0.9999996
0a5539fc1f0a39865338cfa87471f9e5,26.8329105417673,2.1205826424796,2.1205826424796,2.89725927235112,0.731927122545285,0.464213050575897,0.993163840265996,k__Bacteria, p__Bacteroidetes, c__Bacteroidia, o__Bacteroidales, f__S24-7, g__,0.9999677
7513845831df8ed971745f71a4ac3fb1,41.5327239081088,-2.08693974437321,2.08693974437321,2.59419911682252,-0.804463979206568,0.421129064277754,0.993163840265996,k__Bacteria, p__Firmicutes, c__Bacilli, o__Lactobacillales, f__Lactobacillaceae, g__Lactobacillus,0.8822197
4b97cbe0d243e108b5870789059ed0d7,20.7280183394271,-2.0102998794178,2.0102998794178,2.90132659025273,-0.692889896012256,0.488378651010354,0.993163840265996,k__Bacteria, p__Bacteroidetes, c__Bacteroidia, o__Bacteroidales, f__S24-7, g__,1
e19798f8cfd40879dd24a317312bde7b,84.9646597250052,1.9397483787056,1.9397483787056,1.57109221599328,1.23464960169716,0.21696094018346,0.92301128367634,k__Bacteria, p__Bacteroidetes, c__Bacteroidia, o__Bacteroidales, f__Prevotellaceae, g__Prevotella,0.9999762
7fd3cf7fb44c555f5cc0043be73104d8,55.3411529867367,1.93734880147717,1.93734880147717,2.26554659658503,0.855135270401162,0.392476265709979,0.993163840265996,k__Bacteria, p__Bacteroidetes, c__Bacteroidia, o__Bacteroidales, f__S24-7, g__,1
c54baab6bd2aa64d75a9b647df7fc8ba,9.20431548324588,1.90578065492291,1.90578065492291,2.90648767514883,0.655698859904964,0.512017902572794,0.993163840265996,k__Bacteria, p__Bacteroidetes, c__Bacteroidia, o__Bacteroidales, f__S24-7, g__,0.9999492
204e510b011e864f299cf4993d478c85,30.4717483834683,-1.88789188270049,1.88789188270049,2.64170820057628,-0.714648151634861,0.474826483120241,0.993163840265996,k__Bacteria, p__Bacteroidetes, c__Bacteroidia, o__Bacteroidales, f__Bacteroidaceae, g__Bacteroides,0.9819353
1c346134371daba583451f711fe76e1a,32.3090923951936,-1.8866396377251,1.8866396377251,2.88272164801463,-0.654464727464913,0.512812444739186,0.993163840265996,k__Bacteria, p__Bacteroidetes, c__Bacteroidia, o__Bacteroidales, f__S24-7, g__,1
be43da52e9710f5f0179d39616a0cd02,69.8218515029239,1.85112683534434,1.85112683534434,2.76167369791745,0.670291655650792,0.502671885382503,0.993163840265996,k__Bacteria, p__Bacteroidetes, c__Bacteroidia, o__Bacteroidales, f__S24-7, g__,0.9999999
fc9b91016b3b32f0c41f9a1e093bda80,30.0732961819168,-1.83637880431881,1.83637880431881,2.88485865053252,-0.636557636534402,0.524413026938128,0.993163840265996,k__Bacteria, p__Bacteroidetes, c__Bacteroidia, o__Bacteroidales, f__S24-7, g__,0.9999145
20b09d01893b8fa0d699a4078565b7ef,26.7189985322974,1.78303771621684,1.78303771621684,2.89669487546984,0.615542123996625,0.538196759386585,0.993163840265996,k__Bacteria, p__Bacteroidetes, c__Bacteroidia, o__Bacteroidales, f__S24-7, g__,0.9999992
cf32fb1a1851ffab51de8b752990d321,128.506011815302,1.77568747966325,1.77568747966325,1.37246846670786,1.29379109446689,0.195737589618025,0.915205486592387,k__Bacteria, p__Bacteroidetes, c__Bacteroidia, o__Bacteroidales, f__S24-7, g__,1
3440e49bbd5cc4432ab49dd963d49bcd,119.822565459425,1.76141755717973,1.76141755717973,1.38011820243019,1.27628021576567,0.201856481278689,0.918978191084559,k__Bacteria, p__Bacteroidetes, c__Bacteroidia, o__Bacteroidales, f__S24-7, g__,1
d72de21351327f57ef58860b9b39b81b,73.5391976875336,1.72573047342281,1.72573047342281,1.9800398919284,0.871563487411401,0.383446556947282,0.993163840265996,k__Bacteria, p__Bacteroidetes, c__Bacteroidia, o__Bacteroidales, f__S24-7, g__,0.9999783
40b98f89d88946c7fef1c79ce1ed80f8,14.9500679017002,1.63865304291403,1.63865304291403,2.90017301549117,0.565019064090735,0.572060797314912,0.993163840265996,k__Bacteria, p__Bacteroidetes, c__Bacteroidia, o__Bacteroidales, f__S24-7, g__,0.9987811
88b905e812e0d73b7a740796f1969218,63.0579643305341,1.63373742052575,1.63373742052575,2.19719412506938,0.743556248346586,0.457144980434089,0.993163840265996,k__Bacteria, p__Bacteroidetes, c__Bacteroidia, o__Bacteroidales, f__S24-7, g__,1
80220c4ff96f8950628142a2e581fd1e,14.6810036223046,1.58870557644457,1.58870557644457,2.90020434619628,0.547790909467539,0.583835481239263,0.993163840265996,k__Bacteria, p__Bacteroidetes, c__Bacteroidia, o__Bacteroidales, f__S24-7, g__,0.9999998
b2277dc80154f9fa4959f5812d34ac5f,20.9900345346334,1.5833773285312,1.5833773285312,2.89768568601063,0.546428253476694,0.584771593264833,0.993163840265996,k__Bacteria, p__Bacteroidetes, c__Bacteroidia, o__Bacteroidales, f__S24-7, g__,0.9999999
683398d19cd86e3d4c6eca2ad9cb9d9d,9.28574847427425,1.57473852760272,1.57473852760272,2.90500828752033,0.542077120525839,0.587765379417587,0.993163840265996,k__Bacteria, p__Bacteroidetes, c__Bacteroidia, o__Bacteroidales, f__Prevotellaceae, g__Prevotella,0.9999771
5171cbfbcd1781f0d7e7a7bdb94fb126,215.929057943781,1.53870866326785,1.53870866326785,1.43483179503474,1.07239654752046,0.283541958002815,0.989543059046529,k__Bacteria, p__Bacteroidetes, c__Bacteroidia, o__Bacteroidales, f__[Paraprevotellaceae], g__CF231,0.9797766
0f54807ebcdb7fa491db917beeb3595e,84.6253532158851,1.53742364706088,1.53742364706088,1.62864174536758,0.943991305290953,0.345174091407673,0.993163840265996,k__Bacteria, p__Bacteroidetes, c__Bacteroidia, o__Bacteroidales, f__S24-7, g__,1
56ec5cc4d0cb832b82c19eec85fb15d5,21.0161796487914,1.53004105293129,1.53004105293129,2.89759072660074,0.528039049436852,0.597472233206225,0.993163840265996,k__Bacteria, p__Bacteroidetes, c__Bacteroidia, o__Bacteroidales, f__S24-7, g__,0.9981144
9a005f654d554847dd197ce28acd7476,14.8501822773981,1.51865090302852,1.51865090302852,2.89997736369664,0.523676812805421,0.60050334568411,0.993163840265996,k__Bacteria, p__Bacteroidetes, c__Bacteroidia, o__Bacteroidales, f__Bacteroidaceae, g__Bacteroides,0.953975
118108e102c809deccf452084c5b5748,54.2195556745165,1.50283388913211,1.50283388913211,2.10248291490257,0.714790060114113,0.474738778087439,0.993163840265996,k__Bacteria, p__Actinobacteria, c__Actinobacteria, o__Bifidobacteriales, f__Bifidobacteriaceae, g__Bifidobacterium,0.9997978
2caebef349ad9071b347ee889132bf16,23.493616368933,-1.49116990412598,1.49116990412598,2.89850549292369,-0.51446164506725,0.606929269621077,0.993163840265996,k__Bacteria, p__Bacteroidetes, c__Bacteroidia, o__Bacteroidales, f__Bacteroidaceae, g__Bacteroides,0.9182871
9262057290033adeed0ee63ad7d0870c,35.6328131032033,1.48966269773882,1.48966269773882,2.43761533456547,0.611114754906302,0.541123612354362,0.993163840265996,k__Bacteria, p__Bacteroidetes, c__Bacteroidia, o__Bacteroidales, f__S24-7, g__,0.9999953
de99c650af737e28dff50e5c852ebb84,64.2359581075842,1.43577090485566,1.43577090485566,2.03694510350374,0.704864800914858,0.480894377014722,0.993163840265996,k__Bacteria, p__Bacteroidetes, c__Bacteroidia, o__Bacteroidales, f__S24-7, g__,1
4452885f601b589ea8a73c3b2e809558,25.6911519451689,-1.42463306003694,1.42463306003694,2.89777602683617,-0.491629803975008,0.622981070117616,0.993163840265996,k__Bacteria, p__Bacteroidetes, c__Bacteroidia, o__Bacteroidales, f__S24-7, g__,0.9999265
74803c74b50392f83753468b9235c931,220.011024677001,1.40634222539544,1.40634222539544,1.05999634817496,1.32674251927074,0.184593870604071,0.902801636146497,k__Bacteria, p__Bacteroidetes, c__Bacteroidia, o__Bacteroidales, f__[Paraprevotellaceae], g__CF231,0.9951228
b90340baf132ddf80f4a342d544f1b03,193.627700482071,1.38974886274547,1.38974886274547,1.19913067279364,1.15896365114882,0.246471001699378,0.952662430525721,k__Bacteria, p__Bacteroidetes, c__Bacteroidia, o__Bacteroidales, f__[Paraprevotellaceae], g__CF231,0.9844291
4c7ad9177b8f808b98713da6557b7bf1,32.2652499176902,-1.38434151784377,1.38434151784377,2.89648739263326,-0.477938043633337,0.632694302923911,0.993163840265996,k__Bacteria, p__Bacteroidetes, c__Bacteroidia, o__Bacteroidales, f__S24-7, g__,0.9999997
1bbef1070bedf0db507fb6c7b5c28fff,332.437253093663,1.37436274797703,1.37436274797703,0.879006252370312,1.56354149276066,0.117925284110521,0.67163938992933,k__Bacteria, p__Bacteroidetes, c__Bacteroidia, o__Bacteroidales, f__[Paraprevotellaceae], g__CF231,0.9926029
280f71fdbdabf1d2c4fd57cb3e93ed43,45.2421036318452,1.37186205717514,1.37186205717514,2.37736289798363,0.577052017737256,0.563904316442085,0.993163840265996,k__Bacteria, p__Bacteroidetes, c__Bacteroidia, o__Bacteroidales, f__S24-7, g__,1
ad4f3211c1c7fd39e69c4a22600a9475,187.394941146991,1.37140438424896,1.37140438424896,1.08910806190696,1.25919955256572,0.207958263144408,0.922481526255964,k__Bacteria, p__Bacteroidetes, c__Bacteroidia, o__Bacteroidales, f__[Paraprevotellaceae], g__CF231,0.9821734
9ff00bb4afcb31850acf80e8bee165d8,30.6733235178128,-1.36257728201293,1.36257728201293,2.89668776020363,-0.470391493599276,0.638075340446969,0.993163840265996,k__Bacteria, p__Bacteroidetes, c__Bacteroidia, o__Bacteroidales, f__S24-7, g__,0.9999999
0b25ff0a69ccb93866917a823f656ecb,25.0827733427745,-1.36064299062934,1.36064299062934,2.68235930409291,-0.50725605199616,0.611975170501912,0.993163840265996,k__Bacteria, p__Bacteroidetes, c__Bacteroidia, o__Bacteroidales, f__Bacteroidaceae, g__Bacteroides,0.9736179
5a3a6d477b5fb489d2f7317edcd9b9cc,229.108758968548,1.35560771415015,1.35560771415015,1.20915793350778,1.12111716475078,0.262237993212854,0.965258996294123,k__Bacteria, p__Bacteroidetes, c__Bacteroidia, o__Bacteroidales, f__[Paraprevotellaceae], g__CF231,0.9823521
4b28010a343b8f259cd4e8f4c91672c8,17.1179264703663,-1.33640707464049,1.33640707464049,2.90046296180778,-0.460756469652536,0.644973335785878,0.993163840265996,k__Bacteria, p__Bacteroidetes, c__Bacteroidia, o__Bacteroidales, f__S24-7, g__,0.9997838
b96beaf149285190892f2b812436d6e1,11.5112329241122,1.23908230190971,1.23908230190971,2.90167592861243,0.427022979958426,0.669362590026391,0.993163840265996,k__Bacteria, p__Bacteroidetes, c__Bacteroidia, o__Bacteroidales, f__S24-7, g__,0.9999551
564bb4db498125e08f141d6e48c9dcc7,43.6628523498213,1.23225742743501,1.23225742743501,2.59814840213902,0.474282926418101,0.635298165066789,0.993163840265996,k__Bacteria, p__Bacteroidetes, c__Bacteroidia, o__Bacteroidales, f__Bacteroidaceae, g__Bacteroides,0.9609942
7a82038a2a87643382fdc201dacb1009,92.1557004807989,1.19611690653538,1.19611690653538,1.77091136733355,0.675424489671873,0.499406110707574,0.993163840265996,k__Bacteria, p__Bacteroidetes, c__Bacteroidia, o__Bacteroidales, f__Bacteroidaceae, g__Bacteroides,0.9882708
34593bd017efc5340d8a2d64671c3efc,29.4609614944889,1.17114138782151,1.17114138782151,2.89562644509488,0.404451820712369,0.685880500042061,0.993163840265996,k__Bacteria, p__Bacteroidetes, c__Bacteroidia, o__Bacteroidales, f__S24-7, g__,0.9999994
5316280028c25084443f731768aa5707,44.3420870786663,1.164764955479,1.164764955479,2.38996194262505,0.487357114230724,0.626005279485462,0.993163840265996,k__Bacteria, p__Bacteroidetes, c__Bacteroidia, o__Bacteroidales, f__Bacteroidaceae, g__Bacteroides,0.9839522
54843b106b5061dc17ca8f371d357b44,325.836747985883,1.14169463948119,1.14169463948119,0.866944609049242,1.31691762952798,0.187866236423549,0.902801636146497,k__Bacteria, p__Bacteroidetes, c__Bacteroidia, o__Bacteroidales, f__[Paraprevotellaceae], g__CF231,0.9933592
9477eb2dee9e9d0bf0c8ae04c5ab9260,32.5837629079731,-1.11680954107261,1.11680954107261,2.89601616133693,-0.385636501612975,0.699765896007298,0.993163840265996,k__Bacteria, p__Bacteroidetes, c__Bacteroidia, o__Bacteroidales, f__S24-7, g__,0.9999995
646c18c31a1f6154773b7b8e64b5c658,239.038679448953,1.115345977885,1.115345977885,0.917420841732373,1.21574083250483,0.224083664245123,0.92301128367634,k__Bacteria, p__Bacteroidetes, c__Bacteroidia, o__Bacteroidales, f__[Paraprevotellaceae], g__CF231,0.9845171
a2c4afd5213886bde2df4b720b55f0b1,26.9333755150432,-1.09642278820237,1.09642278820237,2.89686470180828,-0.378486018873427,0.705069578000736,0.993163840265996,k__Bacteria, p__Bacteroidetes, c__Bacteroidia, o__Bacteroidales, f__S24-7, g__,0.9999991
0cc8dadc34650e1d79815b5f3fab5efe,68.0496337818645,1.0854619221278,1.0854619221278,2.89343023246287,0.375147086648039,0.707551079833099,0.993163840265996,k__Bacteria, p__Bacteroidetes, c__Bacteroidia, o__Bacteroidales, f__S24-7, g__,0.9999995
932dcd7db9a5a0a103ad457d0b156708,33.1054120149101,1.03419966034539,1.03419966034539,2.89512829338839,0.357220667114198,0.72092661512057,0.993163840265996,k__Bacteria, p__Bacteroidetes, c__Bacteroidia, o__Bacteroidales, f__S24-7, g__,0.9999997
52d40ef8233eeae14230f3a6bca894f2,41.9713727788649,0.999699544835034,0.999699544835034,2.89441322872769,0.3453893642113,0.72980167191843,0.993163840265996,k__Bacteria, p__Firmicutes, c__Bacilli, o__Lactobacillales, f__Lactobacillaceae, g__Lactobacillus,0.9146443
cb74f8bb7e9d69867067f18ae8850d0e,50.4793054028545,0.991718921379482,0.991718921379482,2.89396932528129,0.342684669362586,0.731835697226403,0.993163840265996,k__Bacteria, p__Bacteroidetes, c__Bacteroidia, o__Bacteroidales, f__S24-7, g__,0.9999996
66bbba590630ffe63f0c083472189619,33.0613022780092,0.986747829632616,0.986747829632616,2.87689281576043,0.342990821287096,0.731605365341154,0.993163840265996,k__Bacteria, p__Bacteroidetes, c__Bacteroidia, o__Bacteroidales, f__S24-7, g__,0.9999999
dda8981fb4ba1813e13b6e63a8e26cd8,69.4880421146016,0.973168344193407,0.973168344193407,2.01087866422028,0.483951797544559,0.628420078583373,0.993163840265996,k__Bacteria, p__Bacteroidetes, c__Bacteroidia, o__Bacteroidales, f__S24-7, g__,0.9999994
e305ca72b43b91c7a701c947a71ef4b7,166.547175362677,0.95551719318734,0.95551719318734,1.27808228154202,0.747617901434718,0.45469066382806,0.993163840265996,k__Bacteria, p__Bacteroidetes, c__Bacteroidia, o__Bacteroidales, f__[Paraprevotellaceae], g__CF231,0.9882233
8c7e26b63087ee256be111b0093d6f3e,12.2195960657689,0.94898720834295,0.94898720834295,2.90068635981267,0.327159537649647,0.743547222640056,0.993163840265996,k__Bacteria, p__Bacteroidetes, c__Bacteroidia, o__Bacteroidales, f__Prevotellaceae, g__Prevotella,0.999957
ff3c4e848cb548750221af3deb5389dc,213.205794872196,0.935813076131558,0.935813076131558,1.09680622382563,0.853216416722611,0.393539301093553,0.993163840265996,k__Bacteria, p__Bacteroidetes, c__Bacteroidia, o__Bacteroidales, f__[Paraprevotellaceae], g__CF231,0.9948323
699ac093197820865775e3a63392123b,45.3340883543355,0.931768251428189,0.931768251428189,2.89419767986031,0.32194354169794,0.747495466275197,0.993163840265996,k__Bacteria, p__Bacteroidetes, c__Bacteroidia, o__Bacteroidales, f__S24-7, g__,0.9999992
871cf568d041427a5faf28dec39e9f1a,22.5265975968403,-0.913463874538622,0.913463874538622,2.89751697603524,-0.315257471170555,0.752566172835444,0.993163840265996,k__Bacteria, p__Bacteroidetes, c__Bacteroidia, o__Bacteroidales, f__S24-7, g__,1
a1c837c6bf98326013d7e6a23be688ba,52.9179726212382,0.887267883425198,0.887267883425198,2.31591635765366,0.383117412894877,0.701632709225419,0.993163840265996,k__Bacteria, p__Firmicutes, c__Bacilli, o__Lactobacillales, f__Lactobacillaceae, g__Lactobacillus,0.8717961
8a8f453c27cfdc48c0f1ec1df064f0e0,62.6532303452585,0.879098487478963,0.879098487478963,2.89352238129809,0.303816031685431,0.761268052210428,0.993163840265996,k__Bacteria, p__Bacteroidetes, c__Bacteroidia, o__Bacteroidales, f__S24-7, g__,0.9999481
b734bb8187882c0b6042f08b266d289b,76.7435341928294,0.842525405337505,0.842525405337505,2.42297872131956,0.347722989857156,0.728048229441902,0.993163840265996,k__Bacteria, p__Bacteroidetes, c__Bacteroidia, o__Bacteroidales, f__S24-7, g__,0.9999782
af445601ff19932662af5c837b079065,42.4191955671526,0.834256800374722,0.834256800374722,2.59726454285628,0.321205940561322,0.748054330572072,0.993163840265996,k__Bacteria, p__Bacteroidetes, c__Bacteroidia, o__Bacteroidales, f__S24-7, g__,0.9999973
e5e4068cb7d7c0101908b81c1106084c,53.0152012646422,0.824161433462727,0.824161433462727,2.72163386711152,0.302818627965346,0.762028086485711,0.993163840265996,k__Bacteria, p__Bacteroidetes, c__Bacteroidia, o__Bacteroidales, f__S24-7, g__,0.9999999
479d827e7080273054d5eee9df534cd0,37.3118445815315,0.777131661619755,0.777131661619755,2.66629035783996,0.291465503498026,0.770695323329735,0.993163840265996,k__Bacteria, p__Bacteroidetes, c__Bacteroidia, o__Bacteroidales, f__Bacteroidaceae, g__Bacteroides,0.9716463
578d787ea76ac5f3e84a3dbf6ec1e94f,30.0075432624787,-0.763542715083352,0.763542715083352,2.89591863702634,-0.263661660006923,0.792040641238858,0.993163840265996,k__Bacteria, p__Firmicutes, c__Bacilli, o__Lactobacillales, f__Lactobacillaceae, g__Lactobacillus,0.8795818
2a2bbfefccc170850029ee0b903a7301,174.506255923432,0.736043261313453,0.736043261313453,1.2522695165482,0.587767450686104,0.556688394461533,0.993163840265996,k__Bacteria, p__Bacteroidetes, c__Bacteroidia, o__Bacteroidales, f__[Paraprevotellaceae], g__CF231,0.9878182
fec02dc924426ff759f6e00bf9d863ad,26.9505524636008,0.706242326439639,0.706242326439639,2.89574443718338,0.24388972913873,0.807316223992898,0.993163840265996,k__Bacteria, p__Bacteroidetes, c__Bacteroidia, o__Bacteroidales, f__S24-7, g__,1
3ea92b169d61c716e986e62506994cdb,21.4180150987033,-0.698720627111063,0.698720627111063,2.8974677920972,-0.241148712340069,0.809439859565069,0.993163840265996,k__Bacteria, p__Bacteroidetes, c__Bacteroidia, o__Bacteroidales, f__Bacteroidaceae, g__Bacteroides,0.9850508
7fdcb69d17695ed0f869fde7ea0a45e4,28.0123134277981,0.665574066420405,0.665574066420405,2.89558748604751,0.229858040769791,0.818202081954261,0.993163840265996,k__Bacteria, p__Bacteroidetes, c__Bacteroidia, o__Bacteroidales, f__S24-7, g__,1
66666e2eba83ead26033d9a4a5edd08a,28.4541817275676,-0.662957055551895,0.662957055551895,2.67918375543678,-0.247447400428051,0.804561994221905,0.993163840265996,k__Bacteria, p__Bacteroidetes, c__Bacteroidia, o__Bacteroidales, f__Rikenellaceae, g__,0.758644
d6aa4703dcc37126784cace0f17fe204,29.8975246330569,0.659542434228561,0.659542434228561,2.89534576624926,0.227794014074857,0.819806380446992,0.993163840265996,k__Bacteria, p__Bacteroidetes, c__Bacteroidia, o__Bacteroidales, f__S24-7, g__,0.9999598
dd9638b9f5a15e2a9d6394ad04444d21,46.5802536072925,0.647675401872438,0.647675401872438,2.35943712035197,0.274504201144306,0.783697175529669,0.993163840265996,k__Bacteria, p__Bacteroidetes, c__Bacteroidia, o__Bacteroidales, f__S24-7, g__,1
f969f77024f652bdd33ca8aa4d348a91,10.8342757044523,-0.635662204125941,0.635662204125941,2.90280200942198,-0.218982280590511,0.82666385083206,0.993163840265996,k__Bacteria, p__Bacteroidetes, c__Bacteroidia, o__Bacteroidales, f__S24-7, g__,0.9999208
b9c08a80084a5817a32ad811704367c4,59.1249864754054,0.59300660708433,0.59300660708433,2.76181581594639,0.214716203615166,0.829988588558089,0.993163840265996,k__Bacteria, p__Bacteroidetes, c__Bacteroidia, o__Bacteroidales, f__S24-7, g__,0.9994718
577c52c4a197b72ab9b700df942d53f8,51.8962411098372,0.580595606699543,0.580595606699543,2.13357980551098,0.272122751255838,0.78552763644163,0.993163840265996,k__Bacteria, p__Bacteroidetes, c__Bacteroidia, o__Bacteroidales, f__S24-7, g__,0.9999995
2d04c56322be32271ee897844ff844ec,22.4670581005995,0.556188075065104,0.556188075065104,2.89649427125372,0.192021120354008,0.847725661617894,0.993163840265996,k__Bacteria, p__Bacteroidetes, c__Bacteroidia, o__Bacteroidales, f__S24-7, g__,0.9999978
0a5e1e76e629468d95cf7103e11cca8c,56.8872236283366,-0.547912563756418,0.547912563756418,1.7567443330505,-0.311890895816921,0.755123441726032,0.993163840265996,k__Bacteria, p__Deferribacteres, c__Deferribacteres, o__Deferribacterales, f__Deferribacteraceae, g__Mucispirillum,1
59989e04214c6c92107da205d77fd75a,45.0670721569401,-0.531363795631759,0.531363795631759,2.20651115909323,-0.240816273891007,0.809697516010163,0.993163840265996,k__Bacteria, p__Bacteroidetes, c__Bacteroidia, o__Bacteroidales, f__Bacteroidaceae, g__Bacteroides,0.98038
fcb584478e8e461079485a33b813844f,22.5148649009659,-0.466364345788523,0.466364345788523,2.69120086608665,-0.173292284372172,0.862421688123055,0.993163840265996,k__Bacteria, p__Bacteroidetes, c__Bacteroidia, o__Bacteroidales, f__Prevotellaceae, g__Prevotella,0.9999222
6b069274a2abb8ee3dfc7025d059b68b,51.3088104024944,0.451111400903833,0.451111400903833,2.32382507669749,0.194124508521498,0.846078391618672,0.993163840265996,k__Bacteria, p__Bacteroidetes, c__Bacteroidia, o__Bacteroidales, f__S24-7, g__,0.9999994
58142a21a2ce875ecd97114427fad0b4,14.914716725677,-0.446343740398617,0.446343740398617,2.89948710224496,-0.153938860446398,0.877657943073462,0.993163840265996,k__Bacteria, p__Bacteroidetes, c__Bacteroidia, o__Bacteroidales, f__S24-7, g__,0.9999396
c3034f7a46ce932a7a3ef1255f9013dd,54.146887773911,-0.446109063820863,0.446109063820863,2.31858860164485,-0.192405441614086,0.847424630245559,0.993163840265996,k__Bacteria, p__Bacteroidetes, c__Bacteroidia, o__Bacteroidales, f__Bacteroidaceae, g__Bacteroides,0.9527339
aa85a46ae600176364457edfc6ae2014,58.9344428940044,0.442163319108568,0.442163319108568,2.27753033373548,0.194141571929519,0.846065031138378,0.993163840265996,k__Bacteria, p__Bacteroidetes, c__Bacteroidia, o__Bacteroidales, f__Prevotellaceae, g__Prevotella,0.999958
97855d38c5ce75bc28db3201640ab0b2,67.806340609452,0.429720313238909,0.429720313238909,1.67304751952342,0.256848839153905,0.797295466245984,0.993163840265996,k__Bacteria, p__Bacteroidetes, c__Bacteroidia, o__Bacteroidales, f__Rikenellaceae, g__,0.8559801
cc3ff094f1c3297ae1c88cab123ca109,79.7902819584994,0.428658868234519,0.428658868234519,1.47631633024,0.290357059292863,0.771543090985855,0.993163840265996,k__Bacteria, p__Bacteroidetes, c__Bacteroidia, o__Bacteroidales, f__S24-7, g__,1
0c7ce3bfe1a4347ffec132b70d3833a9,56.6228709772351,0.415139863323088,0.415139863323088,2.28966456577698,0.181310341055225,0.856123989562719,0.993163840265996,k__Bacteria, p__Bacteroidetes, c__Bacteroidia, o__Bacteroidales, f__S24-7, g__,0.9999998
62f956bffd6dd11d727e7e05deb08add,38.947130727419,-0.401060220473989,0.401060220473989,2.85528172718557,-0.140462573852322,0.88829452102406,0.993163840265996,k__Bacteria, p__Bacteroidetes, c__Bacteroidia, o__Bacteroidales, f__S24-7, g__,0.9999992
030b340f702523604f24be192ae18439,23.221335185068,-0.398388952564475,0.398388952564475,2.89669476390741,-0.13753225142268,0.890610101999453,0.993163840265996,k__Bacteria, p__Bacteroidetes, c__Bacteroidia, o__Bacteroidales, f__S24-7, g__,0.9999976
0b2a2fd1108f186dc940c382e50a4846,50.8987418362628,0.38068176742835,0.38068176742835,2.70958308898227,0.140494590838082,0.888269225989899,0.993163840265996,k__Bacteria, p__Bacteroidetes, c__Bacteroidia, o__Bacteroidales, f__S24-7, g__,0.9999959
d2722b732f9ee6167db34ed6c94232b6,62.5367395349022,0.355172912983688,0.355172912983688,1.57455714659929,0.225570036470754,0.821535847653237,0.993163840265996,k__Bacteria, p__Deferribacteres, c__Deferribacteres, o__Deferribacterales, f__Deferribacteraceae, g__Mucispirillum,1
f42b579011c768251beae368856bdd63,28.7508036919957,0.335931129681879,0.335931129681879,2.89546101130499,0.116019911292286,0.907636761430055,0.993163840265996,k__Bacteria, p__Bacteroidetes, c__Bacteroidia, o__Bacteroidales, f__Prevotellaceae, g__Prevotella,0.9999575
f98d979df04d330a67fb4e5b98ca104d,15.723443280674,0.327227814979881,0.327227814979881,2.89848640329434,0.11289610143003,0.91011292717961,0.993163840265996,k__Bacteria, p__Bacteroidetes, c__Bacteroidia, o__Bacteroidales, f__Prevotellaceae, g__Prevotella,0.9999612
7405e70dbbe809a04a3a6a585a506592,37.7613842459448,0.32187936158483,0.32187936158483,2.64063730344435,0.12189457490621,0.902982512186872,0.993163840265996,k__Bacteria, p__Bacteroidetes, c__Bacteroidia, o__Bacteroidales, f__S24-7, g__,0.9999999
6822dc1497ea5724bc61e02b3cf0511f,68.911436837721,0.321479494250075,0.321479494250075,2.02979175952165,0.15838052979673,0.874156955103555,0.993163840265996,k__Bacteria, p__Bacteroidetes, c__Bacteroidia, o__Bacteroidales, f__S24-7, g__,0.9999998
6a126dc027a872af6bfe7fde7da6b492,45.4405683777335,0.313926354625928,0.313926354625928,2.89411705891936,0.108470510430268,0.913622471735773,0.993163840265996,k__Bacteria, p__Bacteroidetes, c__Bacteroidia, o__Bacteroidales, f__S24-7, g__,0.9999999
6475c47b748a82b4e2a02f04f942e9c2,65.2144837599219,-0.31061372865593,0.31061372865593,2.40422678716824,-0.12919485396042,0.897203468030511,0.993163840265996,k__Bacteria, p__Firmicutes, c__Bacilli, o__Lactobacillales, f__Lactobacillaceae, g__Lactobacillus,0.8792566
fc340939384b5acd146d49441178af0e,28.5337305415048,0.286206600891782,0.286206600891782,2.66477744205786,0.107403566382174,0.914468825310858,0.993163840265996,k__Bacteria, p__Bacteroidetes, c__Bacteroidia, o__Bacteroidales, f__S24-7, g__,1
c7378e96ee51ba53a0f9238c791bb6f1,14.7048718329801,-0.285226326920062,0.285226326920062,2.89937017866165,-0.098375270953405,0.921634310337397,0.993163840265996,k__Bacteria, p__Bacteroidetes, c__Bacteroidia, o__Bacteroidales, f__Prevotellaceae, g__Prevotella,0.9999331
b2c1c518a311037462a93c63f9dfdf95,69.3916850063213,0.284288402352565,0.284288402352565,1.87061206370608,0.151976140787486,0.879205753934052,0.993163840265996,k__Bacteria, p__Firmicutes, c__Bacilli, o__Lactobacillales, f__Lactobacillaceae, g__Lactobacillus,0.8795962
4a9c16d3ce654f02a454cdea74b597bb,47.5475783974903,0.276198105497702,0.276198105497702,2.36402530873262,0.116833819197043,0.906991743423765,0.993163840265996,k__Bacteria, p__Bacteroidetes, c__Bacteroidia, o__Bacteroidales, f__S24-7, g__,0.9999999
e2ef7cb559b4796a5ecbf979b2c6c47c,13.2058313648602,-0.250627285220148,0.250627285220148,2.90018452591502,-0.086417703073936,0.931134374556268,0.993163840265996,k__Bacteria, p__Bacteroidetes, c__Bacteroidia, o__Bacteroidales, f__S24-7, g__,0.9999455
555d1b0301f45e832309bc3e605d343b,35.4846473403394,0.248811893498162,0.248811893498162,2.67780214078385,0.092916459251664,0.925969929723713,0.993163840265996,k__Bacteria, p__Firmicutes, c__Bacilli, o__Lactobacillales, f__Lactobacillaceae, g__Lactobacillus,0.8984842
d128f82e71088e4388bee4610f4cf4de,47.2846265327827,0.24090825619143,0.24090825619143,2.38534313633997,0.100995220570687,0.919554254210106,0.993163840265996,k__Bacteria, p__Firmicutes, c__Bacilli, o__Lactobacillales, f__Lactobacillaceae, g__Lactobacillus,0.8773961
bd76b3bf06c313c1ff0c28a27411f377,13.1968707318504,0.209407890086358,0.209407890086358,2.89980845550255,0.072214387018906,0.942431295881668,0.993163840265996,k__Bacteria, p__Bacteroidetes, c__Bacteroidia, o__Bacteroidales, f__S24-7, g__,0.9999655
775cc730ba255ad487e21b5050a032e7,48.8742863390369,-0.193424677164476,0.193424677164476,1.81270505099393,-0.106704991558565,0.915023022528159,0.993163840265996,k__Bacteria, p__Deferribacteres, c__Deferribacteres, o__Deferribacterales, f__Deferribacteraceae, g__Mucispirillum,1
c5a61c5fb97d83ce12aeea183f56628f,15.3359086823166,-0.191832460348476,0.191832460348476,2.89895717332926,-0.066172919735882,0.947240156426539,0.993163840265996,k__Bacteria, p__Bacteroidetes, c__Bacteroidia, o__Bacteroidales, f__Bacteroidaceae, g__Bacteroides,0.9511063
f9b73ab4681e67d2ef74d706e6074134,49.5450376373385,-0.187780971869658,0.187780971869658,2.72805964245392,-0.068833162203429,0.94512242105785,0.993163840265996,k__Bacteria, p__Firmicutes, c__Bacilli, o__Lactobacillales, f__Lactobacillaceae, g__Lactobacillus,0.8814043
83b377e12edb5bbda2b8d41e1739799d,39.0862753772272,-0.184358952027481,0.184358952027481,2.8946070178144,-0.06369049438935,0.949216673758975,0.993163840265996,k__Bacteria, p__Bacteroidetes, c__Bacteroidia, o__Bacteroidales, f__S24-7, g__,0.9999992
53cff25bf22ec0f1bf93f5d87888eb3a,25.0971435738792,0.177311396736166,0.177311396736166,2.69566944224573,0.065776387103476,0.947555855876167,0.993163840265996,k__Bacteria, p__Actinobacteria, c__Actinobacteria, o__Bifidobacteriales, f__Bifidobacteriaceae, g__Bifidobacterium,0.9994762
12a99a655ea1b8de195d606164510143,65.6189462409305,-0.173501987812618,0.173501987812618,2.05782551813646,-0.084313264795035,0.932807366174374,0.993163840265996,k__Bacteria, p__Firmicutes, c__Bacilli, o__Lactobacillales, f__Lactobacillaceae, g__Lactobacillus,0.9069568
c3a928d25543d20d1e561c9db95c8a66,62.161415959178,0.150346641406498,0.150346641406498,1.72816589912147,0.086997805872068,0.930673256156684,0.993163840265996,k__Bacteria, p__Deferribacteres, c__Deferribacteres, o__Deferribacterales, f__Deferribacteraceae, g__Mucispirillum,1
6fee28a58b63200768d9fdbfaa9ebea1,21.308891714039,-0.13988400320669,0.13988400320669,2.89691578488387,-0.048287217714994,0.961487341457007,0.993163840265996,k__Bacteria, p__Bacteroidetes, c__Bacteroidia, o__Bacteroidales, f__S24-7, g__,0.9991764
7bd0ac80d07d6f8fa2c963dfc59c31f2,30.9667740130767,0.117898621372842,0.117898621372842,2.47060180145608,0.047720608518685,0.961938909589556,0.993163840265996,k__Bacteria, p__Bacteroidetes, c__Bacteroidia, o__Bacteroidales, f__Rikenellaceae, g__,0.8026085
e6b01b0ad4ed8bce1f814c169cbc3a0f,46.0559427049192,0.109956112126556,0.109956112126556,2.57764582900721,0.042657571839071,0.965974501528669,0.993163840265996,k__Bacteria, p__Firmicutes, c__Bacilli, o__Lactobacillales, f__Lactobacillaceae, g__Lactobacillus,0.9041309
e3e20348b3527232a0c237f9d7811f3c,65.1118188309575,-0.08781014090893,0.08781014090893,2.04116595466202,-0.043019599022986,0.965685910554188,0.993163840265996,k__Bacteria, p__Bacteroidetes, c__Bacteroidia, o__Bacteroidales, f__Rikenellaceae, g__,0.8671246
562438981c3292e786f329b2c84e4cb7,73.5220365510386,0.085062443616773,0.085062443616773,1.52392028111459,0.055818171508656,0.955486658741148,0.993163840265996,k__Bacteria, p__Deferribacteres, c__Deferribacteres, o__Deferribacterales, f__Deferribacteraceae, g__Mucispirillum,1
fbd9cf7d3bc31c942a6499c91e061b6a,62.9518074250549,-0.065487982473466,0.065487982473466,2.40054711129077,-0.02728044043187,0.978236057336703,0.993163840265996,k__Bacteria, p__Firmicutes, c__Bacilli, o__Lactobacillales, f__Lactobacillaceae, g__Lactobacillus,0.8838636
b4888df798f095ac7f14c614cc7a2a15,43.3476676720579,-0.052854133778688,0.052854133778688,2.61120783176751,-0.020241258905428,0.983850914772089,0.993163840265996,k__Bacteria, p__Bacteroidetes, c__Bacteroidia, o__Bacteroidales, f__S24-7, g__,0.9999998
36c7395784ef4aee8b64edeb937ba621,97.2867646237459,0.028434161072676,0.028434161072676,1.16772890144701,0.024349967734327,0.980573456441742,0.993163840265996,k__Bacteria, p__Deferribacteres, c__Deferribacteres, o__Deferribacterales, f__Deferribacteraceae, g__Mucispirillum,1
c00da10f7b1c5103b343824f9ff5937b,16.8968974370635,0.025366045156506,0.025366045156506,2.89813464916598,0.008752541971715,0.99301657105635,0.993163840265996,k__Bacteria, p__Actinobacteria, c__Actinobacteria, o__Bifidobacteriales, f__Bifidobacteriaceae, g__Bifidobacterium,0.9996282
4558ab7a03aa8ef8fc229c91a617f4d9,60.940667593109,-0.020422300893263,0.020422300893263,2.38356619070661,-0.00856796046734,0.993163840265996,0.993163840265996,k__Bacteria, p__Actinobacteria, c__Actinobacteria, o__Bifidobacteriales, f__Bifidobacteriaceae, g__Bifidobacterium,0.99972
