"","rowid","taxa_id","x","y","zero_ind","Lowest.Rank","W.proportion"
"1",1,"denovo153781",-0.910604149885688,993,"Yes","CF231",1
"2",2,"denovo134984",-0.909310605743414,993,"Yes","Lachnospiraceae",1
"3",3,"denovo175813",-0.885700346748995,993,"Yes","flavefaciens",1
"4",4,"denovo347575",0.838762861426676,993,"Yes","Lachnospiraceae",1
"5",5,"denovo240820",-0.827860618580853,993,"Yes","CF231",1
"6",6,"denovo352071",0.819741503493917,993,"Yes","Lactobacillus",1
"7",7,"denovo595831",0.815823572897647,993,"Yes","schaedleri",1
"8",8,"denovo597599",0.79393024274206,993,"Yes","S24-7",1
"9",9,"denovo211331",-0.771350490218673,993,"Yes","Clostridiales",1
"10",10,"denovo87415",-0.770332694034476,993,"Yes","S24-7",1
"11",11,"denovo268282",-0.770332694034476,993,"Yes",NA,1
"12",12,"denovo494082",-0.770332694034476,993,"Yes","S24-7",1
"13",13,"denovo191426",-0.766887037659405,993,"Yes","AF12",1
"14",14,"denovo325584",-0.764004967578442,993,"Yes","Allobaculum",1
"15",15,"denovo202622",-0.761385742525177,993,"Yes","S24-7",1
"16",16,"denovo579710",-0.761385742525177,993,"Yes","S24-7",1
"17",17,"denovo84389",-0.760917752001812,993,"Yes","CF231",1
"18",18,"denovo476250",-0.757325770463448,993,"Yes","Prevotella",1
"19",19,"denovo125259",0.752590292398493,993,"Yes","Oscillospira",1
"20",20,"denovo488477",0.743663366778833,993,"Yes","S24-7",1
"21",21,"denovo332619",-0.741685211534226,993,"Yes","Bacteroidales",1
"22",22,"denovo358964",0.721635300034596,993,"Yes","S24-7",1
"23",23,"denovo442759",-0.714689713974689,993,"Yes","S24-7",1
"24",24,"denovo118754",0.710688122985703,993,"Yes","Lachnospiraceae",1
"25",25,"denovo302480",0.707286845172067,993,"Yes","Lactobacillus",1
"26",26,"denovo274452",0.700726140072426,993,"Yes","Clostridiales",1
"27",27,"denovo314135",0.700050539129787,993,"Yes","Lachnospiraceae",1
"28",28,"denovo514892",-0.69053408249734,993,"Yes","S24-7",1
"29",29,"denovo50172",0.689485278274877,993,"Yes","Oscillospira",1
"30",30,"denovo397093",-0.686166225708815,993,"Yes","Clostridiales",1
"31",31,"denovo80596",0.681029181197028,993,"Yes","CF231",1
"32",32,"denovo348053",-0.680972815301383,993,"Yes","S24-7",1
"33",33,"denovo7724",-0.679935755362616,993,"Yes","S24-7",1
"34",34,"denovo171905",-0.679321439675958,993,"Yes","S24-7",1
"35",35,"denovo352702",-0.678853449152592,993,"Yes","S24-7",1
"36",36,"denovo175245",-0.677361570008449,993,"Yes","S24-7",1
"37",37,"denovo200475",-0.67720146421188,993,"Yes","S24-7",1
"38",38,"denovo544494",-0.676702214622692,993,"Yes","S24-7",1
"39",39,"denovo499233",-0.675050229681979,993,"Yes","S24-7",1
"40",40,"denovo362367",-0.674742344955184,993,"Yes","S24-7",1
"41",41,"denovo255352",-0.674274354431819,993,"Yes","S24-7",1
"42",42,"denovo313841",0.671260730771853,993,"Yes","Lachnospiraceae",1
"43",43,"denovo53227",-0.670682372893455,993,"Yes","S24-7",1
"44",44,"denovo260202",0.66986482542477,993,"Yes","S24-7",1
"45",45,"denovo182201",0.668794901965611,993,"Yes","Ruminococcaceae",1
"46",46,"denovo410791",0.663750523548311,993,"Yes","Clostridiales",1
"47",47,"denovo79735",0.660937899805111,993,"Yes","S24-7",1
"48",48,"denovo221462",0.659787805748818,993,"Yes","Ruminococcaceae",1
"49",49,"denovo47534",0.659228201835726,993,"Yes","S24-7",1
"50",50,"denovo331160",-0.658269585123722,993,"Yes","S24-7",1
"51",51,"denovo312229",0.657931190993632,993,"Yes","S24-7",1
"52",52,"denovo484382",0.653701593762831,993,"Yes","S24-7",1
"53",53,"denovo326370",0.653102498845482,993,"Yes","Oscillospira",1
"54",54,"denovo315753",0.647365930138722,993,"Yes","S24-7",1
"55",55,"denovo249067",-0.646588342463686,993,"Yes","Clostridiales",1
"56",56,"denovo272917",-0.64640407395482,993,"Yes","Coprococcus",1
"57",57,"denovo530646",-0.64501255624491,993,"Yes","S24-7",1
"58",58,"denovo121055",0.643582736131103,993,"Yes","S24-7",1
"59",59,"denovo490489",0.636422936114113,993,"Yes","Clostridiales",1
"60",60,"denovo412000",-0.627344757020164,993,"Yes","S24-7",1
"61",61,"denovo194637",-0.626019076109172,993,"Yes",NA,1
"62",62,"denovo522118",0.623962283280996,993,"Yes","Clostridiales",1
"63",63,"denovo100506",-0.62028785535216,993,"Yes","CF231",1
"64",64,"denovo548403",-0.62028785535216,993,"Yes","S24-7",1
"65",65,"denovo42620",-0.619673539665501,993,"Yes","S24-7",1
"66",66,"denovo412035",-0.619365654938706,993,"Yes","S24-7",1
"67",67,"denovo10277",-0.617879868231143,993,"Yes","S24-7",1
"68",68,"denovo174971",-0.617879868231143,993,"Yes","S24-7",1
"69",69,"denovo75207",0.617401578181355,993,"Yes","Coprobacillus",1
"70",70,"denovo7424",0.617325072156064,993,"Yes","S24-7",1
"71",71,"denovo164996",-0.617245679474628,993,"Yes","S24-7",1
"72",72,"denovo79540",-0.61674642988544,993,"Yes","Adlercreutzia",1
"73",73,"denovo52360",-0.616227883290431,993,"Yes",NA,1
"74",74,"denovo290239",-0.615919998563635,993,"Yes","S24-7",1
"75",75,"denovo128117",-0.613608658237165,993,"Yes","CF231",1
"76",76,"denovo530752",-0.612686457823711,993,"Yes","S24-7",1
"77",77,"denovo564490",-0.612686457823711,993,"Yes","S24-7",1
"78",78,"denovo87548",0.612496380007914,993,"Yes","S24-7",1
"79",79,"denovo431587",0.612496380007914,993,"Yes","S24-7",1
"80",80,"denovo385130",-0.612052269067195,993,"Yes","S24-7",1
"81",81,"denovo241776",-0.612019601117124,993,"Yes","Oscillospira",1
"82",82,"denovo197105",-0.611034472882998,993,"Yes","S24-7",1
"83",83,"denovo540695",-0.611034472882998,993,"Yes","S24-7",1
"84",84,"denovo437921",-0.610258597632837,993,"Yes","S24-7",1
"85",85,"denovo589885",0.606981173048803,993,"Yes","CF231",1
"86",86,"denovo118746",-0.605466471146124,993,"Yes","Ruminococcus",1
"87",87,"denovo252477",0.603063242452533,993,"Yes","acidifaciens",1
"88",88,"denovo4465",-0.599990818662187,993,"Yes",NA,1
"89",89,"denovo297731",0.596727578828425,993,"Yes","Bifidobacterium",1
"90",90,"denovo482197",0.596727578828425,993,"Yes","RF39",1
"91",91,"denovo455867",-0.595252227460131,993,"Yes","S24-7",1
"92",92,"denovo507775",-0.594618038703616,993,"Yes","Clostridiales",1
"93",93,"denovo313593",-0.594253828324741,993,"Yes","Bacteroides",1
"94",94,"denovo556373",-0.594253828324741,993,"Yes","S24-7",1
"95",95,"denovo60327",-0.592960284182468,993,"Yes","S24-7",1
"96",96,"denovo109891",-0.592678042105964,993,"Yes","S24-7",1
"97",97,"denovo155306",-0.592601843384028,993,"Yes",NA,1
"98",98,"denovo451756",-0.592601843384028,993,"Yes","S24-7",1
"99",99,"denovo256895",-0.592559665557162,993,"Yes","S24-7",1
"100",100,"denovo43049",-0.592293958657233,993,"Yes","S24-7",1
"101",101,"denovo64625",-0.592293958657233,993,"Yes","S24-7",1
"102",102,"denovo402198",-0.59116661274811,993,"Yes","S24-7",1
"103",103,"denovo177553",-0.590718172438456,993,"Yes","S24-7",1
"104",104,"denovo242131",-0.590250181915091,993,"Yes","S24-7",1
"105",105,"denovo373080",-0.587938841588621,993,"Yes","Candidatus Arthromitus",1
"106",106,"denovo283067",-0.585614761542238,993,"Yes",NA,1
"107",107,"denovo110671",0.582151504395618,993,"Yes","Ruminococcaceae",1
"108",108,"denovo560000",0.582151504395618,993,"Yes","Clostridiales",1
"109",109,"denovo88679",-0.580264645020945,993,"Yes","CF231",1
"110",110,"denovo173139",-0.579120554814711,993,"Yes","Erysipelotrichaceae",1
"111",111,"denovo183302",0.578524099465919,993,"Yes","S24-7",1
"112",112,"denovo512579",-0.573423555658904,993,"Yes","S24-7",1
"113",113,"denovo5729",0.571287793423639,993,"Yes","S24-7",1
"114",114,"denovo12574",0.571287793423639,993,"Yes","pseudolongum",1
"115",115,"denovo258932",-0.568180531178659,993,"Yes","S24-7",1
"116",116,"denovo262585",-0.567193085312705,993,"Yes","Clostridiales",1
"117",117,"denovo243392",-0.565707298605143,993,"Yes","S24-7",1
"118",118,"denovo122756",0.560943894316378,993,"Yes","S24-7",1
"119",119,"denovo85160",0.56072253256873,993,"Yes","S24-7",1
"120",120,"denovo245605",0.557614939503749,993,"Yes","Lactobacillus",1
"121",121,"denovo317908",0.554608230692271,993,"Yes","Lachnospiraceae",1
"122",122,"denovo594627",0.553697008907478,993,"Yes","Oscillospira",1
"123",123,"denovo439165",0.551667340573532,993,"Yes","S24-7",1
"124",124,"denovo468377",0.549318028557691,993,"Yes","S24-7",1
"125",125,"denovo36757",0.54743774334273,993,"Yes","S24-7",1
"126",126,"denovo206855",-0.546362760380969,993,"Yes","S24-7",1
"127",127,"denovo448363",0.546152133614421,993,"Yes","RF39",1
"128",128,"denovo484089",0.544118907663808,993,"Yes","S24-7",1
"129",129,"denovo285310",-0.540342918651731,993,"Yes",NA,1
"130",130,"denovo142504",0.540259775829741,993,"Yes","S24-7",1
"131",131,"denovo302931",0.537917980628351,993,"Yes","S24-7",1
"132",132,"denovo100786",-0.536137615691438,993,"Yes","S24-7",1
"133",133,"denovo89923",0.535586872759511,993,"Yes","CF231",1
"134",134,"denovo526418",0.535431083681591,993,"Yes","Lactobacillus",1
"135",135,"denovo394469",-0.534844071549166,993,"Yes",NA,1
"136",136,"denovo323282",-0.533644457782167,993,"Yes","S24-7",1
"137",137,"denovo379030",-0.533030142095508,993,"Yes","S24-7",1
"138",138,"denovo7824",-0.532722257368713,993,"Yes","S24-7",1
"139",139,"denovo496050",-0.532722257368713,993,"Yes","S24-7",1
"140",140,"denovo97099",-0.532562151572143,993,"Yes","CF231",1
"141",141,"denovo80796",-0.532254266845348,993,"Yes","S24-7",1
"142",142,"denovo548572",0.531803678751892,993,"Yes","S24-7",1
"143",143,"denovo445670",-0.53123647066115,993,"Yes","S24-7",1
"144",144,"denovo285534",-0.531070272428,993,"Yes","Rikenellaceae",1
"145",145,"denovo366727",-0.531070272428,993,"Yes","CF231",1
"146",146,"denovo314987",-0.530602281904635,993,"Yes",NA,1
"147",147,"denovo475968",-0.530602281904635,993,"Yes","S24-7",1
"148",148,"denovo15150",-0.529584485720438,993,"Yes","S24-7",1
"149",149,"denovo425658",-0.529584485720438,993,"Yes","S24-7",1
"150",150,"denovo143249",-0.529276600993642,993,"Yes","Sutterella",1
"151",151,"denovo553842",-0.528451047374735,993,"Yes","S24-7",1
"152",152,"denovo578547",-0.528451047374734,993,"Yes","Clostridiales",1
"153",153,"denovo271974",-0.52736874116471,993,"Yes","ovatus",1
"154",154,"denovo470219",-0.526965260667172,993,"Yes","S24-7",1
"155",155,"denovo443735",-0.526965260667172,993,"Yes","CF231",1
"156",156,"denovo158577",-0.526043060253718,993,"Yes",NA,1
"157",157,"denovo398425",-0.526043060253718,993,"Yes","distasonis",1
"158",158,"denovo169229",0.524567372709612,993,"Yes","S24-7",1
"159",159,"denovo268187",-0.524391075313005,993,"Yes","S24-7",1
"160",160,"denovo241756",-0.52408319058621,993,"Yes","Clostridiales",1
"161",161,"denovo325680",0.523012268804249,993,"Yes","S24-7",1
"162",162,"denovo426009",0.522835694259823,993,"Yes","S24-7",1
"163",163,"denovo154314",0.520604654910118,993,"Yes","S24-7",1
"164",164,"denovo36144",0.519693433125327,993,"Yes","Oscillospira",1
"165",165,"denovo47128",0.519517318813813,993,"Yes","distasonis",1
"166",166,"denovo334764",0.517275700097489,993,"Yes","Clostridiales",1
"167",167,"denovo501333",-0.517188518939468,993,"Yes","Clostridiales",1
"168",168,"denovo490903",0.516946062706193,993,"Yes","Coprococcus",1
"169",169,"denovo405293",0.514819990424956,993,"Yes",NA,1
"170",170,"denovo431745",0.514819990424956,993,"Yes","acidifaciens",1
"171",171,"denovo75798",-0.513347421092194,993,"Yes","S24-7",1
"172",172,"denovo308772",-0.51299608372747,993,"Yes","Clostridiales",1
"173",173,"denovo598330",0.510590393194154,993,"Yes","S24-7",1
"174",174,"denovo546755",-0.510402501324496,993,"Yes","schaedleri",1
"175",175,"denovo52259",0.510039394055209,993,"Yes","Clostridiales",1
"176",176,"denovo570828",-0.510018417875765,993,"Yes",NA,1
"177",177,"denovo393032",0.509991298276805,993,"Yes","Lachnospiraceae",1
"178",178,"denovo446198",0.509991298276805,993,"Yes","S24-7",1
"179",179,"denovo175391",-0.508628226938945,993,"Yes","S24-7",1
"180",180,"denovo476871",-0.508532631168202,993,"Yes","Clostridiales",1
"181",181,"denovo139589",0.508529077353069,993,"Yes","Lachnospiraceae",1
"182",182,"denovo496650",-0.508442631656988,993,"Yes","Bacteroides",1
"183",183,"denovo61718",-0.505182570563875,993,"Yes","Clostridiales",1
"184",184,"denovo190627",0.504476091317695,993,"Yes","Clostridiales",1
"185",185,"denovo408942",0.504254729570046,993,"Yes","S24-7",1
"186",186,"denovo45730",0.503655634652697,993,"Yes","S24-7",1
"187",187,"denovo586173",-0.503415419482706,993,"Yes","S24-7",1
"188",188,"denovo205303",0.499426037421896,993,"Yes","S24-7",1
"189",189,"denovo35276",-0.497395577753468,993,"Yes","Lactobacillus",1
"190",190,"denovo331469",0.496107201742974,993,"Yes","Lachnospiraceae",1
"191",191,"denovo229192",0.495199537574848,993,"Yes","S24-7",1
"192",192,"denovo428501",0.495199537574848,993,"Yes","S24-7",1
"193",193,"denovo356871",0.491880701895926,993,"Yes","Ruminococcaceae",1
"194",194,"denovo106489",0.490969940344047,993,"Yes","S24-7",1
"195",195,"denovo287145",0.490969940344047,993,"Yes","Clostridiales",1
"196",196,"denovo576253",0.489684330615737,993,"Yes","S24-7",1
"197",197,"denovo176820",0.488562326449916,993,"Yes","S24-7",1
"198",198,"denovo178375",0.488562326449916,993,"Yes","S24-7",1
"199",199,"denovo284274",0.488562326449916,993,"Yes","S24-7",1
"200",200,"denovo372823",0.488562326449916,993,"Yes","S24-7",1
"201",201,"denovo588816",0.488562326449916,993,"Yes","S24-7",1
"202",202,"denovo175889",0.487963231532568,993,"Yes","S24-7",1
"203",203,"denovo281487",0.487963231532568,993,"Yes","S24-7",1
"204",204,"denovo324087",0.484634276719939,993,"Yes","S24-7",1
"205",205,"denovo134561",0.483733634301767,993,"Yes","Clostridiales",1
"206",206,"denovo498414",-0.483364799766184,993,"Yes","S24-7",1
"207",207,"denovo29459",0.482448024573457,993,"Yes","Bacteroidales",1
"208",208,"denovo333792",-0.482039118855192,993,"Yes","S24-7",1
"209",209,"denovo86273",-0.482039118855192,993,"Yes","Sutterella",1
"210",210,"denovo58543",-0.481755018824246,993,"Yes","S24-7",1
"211",211,"denovo417556",-0.480745574712919,993,"Yes","Prevotella",1
"212",212,"denovo250721",0.478218427342655,993,"Yes","S24-7",1
"213",213,"denovo189246",-0.478141700621695,993,"Yes","S24-7",1
"214",214,"denovo402383",0.477619332425307,993,"Yes","Clostridiales",1
"215",215,"denovo325879",0.477397970677658,993,"Yes","S24-7",1
"216",216,"denovo21576",0.476486748892867,993,"Yes","Lachnospiraceae",1
"217",217,"denovo346460",-0.476377717924394,993,"Yes","S24-7",1
"218",218,"denovo151309",-0.476282122153652,993,"Yes","S24-7",1
"219",219,"denovo341715",0.47608060547628,993,"Yes","Lactobacillus",1
"220",220,"denovo69405",-0.475648542712424,993,"Yes","S24-7",1
"221",221,"denovo360481",-0.475648542712424,993,"Yes","Clostridiales",1
"222",222,"denovo167229",0.474213871587387,993,"Yes","S24-7",1
"223",223,"denovo49264",0.474079134998736,993,"Yes","Clostridiales",1
"224",224,"denovo108778",0.474079134998736,993,"Yes","S24-7",1
"225",225,"denovo39536",0.473614776670039,993,"Yes","S24-7",1
"226",226,"denovo251327",-0.473074357358256,993,"Yes",NA,1
"227",227,"denovo522533",-0.473074357358256,993,"Yes","Lachnospiraceae",1
"228",228,"denovo19342",0.471882763718548,993,"Yes","Prevotella",1
"229",229,"denovo83327",0.471882763718548,993,"Yes","S24-7",1
"230",230,"denovo583868",0.471882763718548,993,"Yes","CF231",1
"231",231,"denovo76460",-0.471588570650694,993,"Yes","Prevotella",1
"232",232,"denovo28429",0.471283668801199,993,"Yes","gnavus",1
"233",233,"denovo166995",-0.471280685923899,993,"Yes","S24-7",1
"234",234,"denovo311338",-0.471280685923899,993,"Yes","Clostridiales",1
"235",235,"denovo364067",-0.471280685923899,993,"Yes","S24-7",1
"236",236,"denovo88372",-0.470455132304991,993,"Yes","distasonis",1
"237",237,"denovo349195",-0.470455132304991,993,"Yes","S24-7",1
"238",238,"denovo36612",-0.469628700983186,993,"Yes","Bacteroides",1
"239",239,"denovo52607",-0.469628700983186,993,"Yes","S24-7",1
"240",240,"denovo220793",-0.469628700983186,993,"Yes","S24-7",1
"241",241,"denovo239055",-0.469628700983186,993,"Yes","S24-7",1
"242",242,"denovo431857",-0.469628700983186,993,"Yes","CF231",1
"243",243,"denovo457912",-0.469628700983186,993,"Yes","Bacteroides",1
"244",244,"denovo486244",-0.469628700983186,993,"Yes","S24-7",1
"245",245,"denovo570452",-0.469628700983186,993,"Yes","S24-7",1
"246",246,"denovo313791",-0.468969345597429,993,"Yes","S24-7",1
"247",247,"denovo168031",0.468941873599809,993,"Yes","Lachnospiraceae",1
"248",248,"denovo587707",0.468941873599809,993,"Yes","Lactobacillus",1
"249",249,"denovo343386",0.468099569710928,993,"Yes",NA,1
"250",250,"denovo178422",-0.467009475929921,993,"Yes","S24-7",1
"251",251,"denovo3850",-0.466395160243262,993,"Yes","S24-7",1
"252",252,"denovo47640",-0.466395160243262,993,"Yes","S24-7",1
"253",253,"denovo233778",-0.466395160243262,993,"Yes","S24-7",1
"254",254,"denovo308994",-0.466395160243262,993,"Yes","S24-7",1
"255",255,"denovo323965",-0.466395160243262,993,"Yes","S24-7",1
"256",256,"denovo569027",-0.466395160243262,993,"Yes","S24-7",1
"257",257,"denovo10003",-0.466087275516466,993,"Yes","S24-7",1
"258",258,"denovo87624",-0.466087275516466,993,"Yes","S24-7",1
"259",259,"denovo139113",-0.466087275516466,993,"Yes","S24-7",1
"260",260,"denovo196470",-0.466087275516466,993,"Yes",NA,1
"261",261,"denovo501042",-0.466087275516466,993,"Yes","S24-7",1
"262",262,"denovo100329",-0.465927169719897,993,"Yes","Streptococcus",1
"263",263,"denovo428547",-0.465927169719897,993,"Yes","gnavus",1
"264",264,"denovo12948",-0.465619284993101,993,"Yes","S24-7",1
"265",265,"denovo420929",-0.465619284993101,993,"Yes","Ruminococcaceae",1
"266",266,"denovo477033",-0.465619284993101,993,"Yes","S24-7",1
"267",267,"denovo455387",0.465467248842966,993,"Yes","Clostridiales",1
"268",268,"denovo214878",-0.464601488808904,993,"Yes","S24-7",1
"269",269,"denovo317640",-0.464601488808904,993,"Yes","S24-7",1
"270",270,"denovo472507",-0.464601488808904,993,"Yes","S24-7",1
"271",271,"denovo420749",-0.464435290575753,993,"Yes","S24-7",1
"272",272,"denovo430965",-0.464435290575753,993,"Yes","Rikenellaceae",1
"273",273,"denovo474909",-0.464435290575753,993,"Yes","S24-7",1
"274",274,"denovo140006",-0.463967300052388,993,"Yes","S24-7",1
"275",275,"denovo203675",-0.463967300052388,993,"Yes","S24-7",1
"276",276,"denovo410543",0.463869972480126,993,"Yes","S24-7",1
"277",277,"denovo302293",0.463426666640698,993,"Yes","CF231",1
"278",278,"denovo49434",0.463318973341181,993,"Yes",NA,1
"279",279,"denovo446784",0.463270877562778,993,"Yes","Oscillospira",1
"280",280,"denovo95134",-0.462949503868191,993,"Yes","S24-7",1
"281",281,"denovo166445",-0.462949503868191,993,"Yes","S24-7",1
"282",282,"denovo254258",-0.462949503868191,993,"Yes","S24-7",1
"283",283,"denovo346232",-0.462949503868191,993,"Yes","S24-7",1
"284",284,"denovo347898",-0.462949503868191,993,"Yes","S24-7",1
"285",285,"denovo363798",-0.462949503868191,993,"Yes","S24-7",1
"286",286,"denovo440234",-0.462949503868191,993,"Yes","CF231",1
"287",287,"denovo26704",-0.462641619141396,993,"Yes","S24-7",1
"288",288,"denovo146790",-0.462641619141396,993,"Yes",NA,1
"289",289,"denovo176992",-0.462641619141396,993,"Yes","S24-7",1
"290",290,"denovo195708",-0.462641619141396,993,"Yes","S24-7",1
"291",291,"denovo246784",-0.462641619141396,993,"Yes","S24-7",1
"292",292,"denovo313530",-0.462641619141396,993,"Yes","S24-7",1
"293",293,"denovo360721",-0.462641619141396,993,"Yes","S24-7",1
"294",294,"denovo581091",-0.462641619141396,993,"Yes","S24-7",1
"295",295,"denovo177510",0.458597974492548,993,"Yes","Rikenellaceae",1
"296",296,"denovo561743",0.458597974492548,993,"Yes","S24-7",1
"297",297,"denovo63432",0.457534308856018,993,"Yes","S24-7",1
"298",298,"denovo236756",0.457534308856018,993,"Yes","S24-7",1
"299",299,"denovo251691",0.457534308856018,993,"Yes","CF231",1
"300",300,"denovo493413",0.457534308856018,993,"Yes","S24-7",1
"301",301,"denovo210683",-0.455325863372159,993,"Yes","Oscillospira",1
"302",302,"denovo414767",0.45459341873728,993,"Yes","Bacteroides",1
"303",303,"denovo559136",0.45459341873728,993,"Yes","S24-7",1
"304",304,"denovo549429",0.454263781345984,993,"Yes","Ruminococcaceae",1
"305",305,"denovo408148",-0.452923645831577,993,"Yes","S24-7",1
"306",306,"denovo50126",0.45226231086844,993,"Yes","S24-7",1
"307",307,"denovo190394",-0.452022502806021,993,"Yes","S24-7",1
"308",308,"denovo518579",-0.451080296028473,993,"Yes","S24-7",1
"309",309,"denovo205051",-0.451080296028472,993,"Yes","Bacteroides",1
"310",310,"denovo389123",-0.448980326928489,993,"Yes","schaedleri",1
"311",311,"denovo172280",0.448943475189518,993,"Yes","RF39",1
"312",312,"denovo36980",-0.447654646017496,993,"Yes","S24-7",1
"313",313,"denovo76972",-0.447654646017496,993,"Yes","S24-7",1
"314",314,"denovo22433",-0.447494540220926,993,"Yes","Clostridiales",1
"315",315,"denovo269070",0.447357112695,993,"Yes","S24-7",1
"316",316,"denovo301457",0.447357112695,993,"Yes","Clostridiales",1
"317",317,"denovo430985",-0.447186655494131,993,"Yes","S24-7",1
"318",318,"denovo244278",-0.447001060212174,993,"Yes",NA,1
"319",319,"denovo410398",-0.446386744525515,993,"Yes","Oscillospira",1
"320",320,"denovo574891",-0.446168859309934,993,"Yes",NA,1
"321",321,"denovo348132",-0.446002661076784,993,"Yes",NA,1
"322",322,"denovo206552",0.445424063229453,993,"Yes","Clostridiales",1
"323",323,"denovo331891",-0.445343305691026,993,"Yes","S24-7",1
"324",324,"denovo467991",-0.445343305691026,993,"Yes","S24-7",1
"325",325,"denovo190274",-0.445035420964231,993,"Yes",NA,1
"326",326,"denovo76817",-0.444593073091157,993,"Yes","S24-7",1
"327",327,"denovo151746",-0.444567430440866,993,"Yes","S24-7",1
"328",328,"denovo14795",-0.444516874369221,993,"Yes","Clostridiales",1
"329",329,"denovo398310",-0.444516874369221,993,"Yes","Clostridiales",1
"330",330,"denovo96518",-0.444208989642426,993,"Yes","Ruminococcaceae",1
"331",331,"denovo106556",-0.444208989642426,993,"Yes","Clostridiales",1
"332",332,"denovo582709",-0.444208989642426,993,"Yes","Bacteroides",1
"333",333,"denovo522037",-0.443767519472249,993,"Yes","S24-7",1
"334",334,"denovo172422",-0.442915445500153,993,"Yes","distasonis",1
"335",335,"denovo313707",-0.442301129813494,993,"Yes","schaedleri",1
"336",336,"denovo397709",-0.442301129813494,993,"Yes","S24-7",1
"337",337,"denovo333295",-0.441993245086699,993,"Yes","S24-7",1
"338",338,"denovo339897",-0.441993245086699,993,"Yes","S24-7",1
"339",339,"denovo528486",-0.441993245086699,993,"Yes","S24-7",1
"340",340,"denovo103791",-0.441897649315956,993,"Yes","S24-7",1
"341",341,"denovo386462",-0.441897649315956,993,"Yes","S24-7",1
"342",342,"denovo3019",0.441841905735889,993,"Yes","S24-7",1
"343",343,"denovo298673",0.441841905735889,993,"Yes","S24-7",1
"344",344,"denovo363274",0.441841905735889,993,"Yes",NA,1
"345",345,"denovo459983",0.441841905735889,993,"Yes",NA,1
"346",346,"denovo323127",-0.44158976458916,993,"Yes","S24-7",1
"347",347,"denovo461551",-0.44158976458916,993,"Yes","S24-7",1
"348",348,"denovo810",0.441242810818541,993,"Yes","S24-7",1
"349",349,"denovo49398",-0.440975448902501,993,"Yes","S24-7",1
"350",350,"denovo563383",-0.440975448902501,993,"Yes","S24-7",1
"351",351,"denovo155187",0.440930683951097,993,"Yes","distasonis",1
"352",352,"denovo230319",-0.440507458379136,993,"Yes","S24-7",1
"353",353,"denovo320678",-0.440507458379136,993,"Yes","S24-7",1
"354",354,"denovo541254",-0.440507458379136,993,"Yes","S24-7",1
"355",355,"denovo39359",-0.440341260145986,993,"Yes","Bacteroidales",1
"356",356,"denovo391149",-0.440321863097179,993,"Yes","Bacteroides",1
"357",357,"denovo557716",-0.439399662683724,993,"Yes","S24-7",1
"358",358,"denovo170483",0.439309761352994,993,"Yes","Christensenellaceae",1
"359",359,"denovo571999",0.437913856005911,993,"Yes","S24-7",1
"360",360,"denovo277654",-0.437747677743012,993,"Yes","S24-7",1
"361",361,"denovo428576",-0.437747677743012,993,"Yes","S24-7",1
"362",362,"denovo457683",-0.437747677743012,993,"Yes","S24-7",1
"363",363,"denovo216523",-0.437529792527431,993,"Yes","Prevotella",1
"364",364,"denovo254346",-0.437529792527431,993,"Yes","S24-7",1
"365",365,"denovo558730",-0.437439793016217,993,"Yes","S24-7",1
"366",366,"denovo245528",-0.437439793016216,993,"Yes","Rikenellaceae",1
"367",367,"denovo419386",-0.437279687219646,993,"Yes","Clostridiales",1
"368",368,"denovo259731",0.437013213587739,993,"Yes","Ruminococcaceae",1
"369",369,"denovo280473",-0.436971802492851,993,"Yes","S24-7",1
"370",370,"denovo17409",0.436368871234255,993,"Yes","Clostridiales",1
"371",371,"denovo580072",0.435550992664002,993,"Yes","Dehalobacterium",1
"372",372,"denovo343896",-0.434122801376535,993,"Yes","S24-7",1
"373",373,"denovo256090",0.433961257340126,993,"Yes","S24-7",1
"374",374,"denovo8237",0.430853664275144,993,"Yes","schaedleri",1
"375",375,"denovo83704",0.430677549963631,993,"Yes","S24-7",1
"376",376,"denovo468345",0.430677549963631,993,"Yes",NA,1
"377",377,"denovo134415",0.428176592854962,993,"Yes","S24-7",1
"378",378,"denovo318763",0.428176592854962,993,"Yes","Oscillospira",1
"379",379,"denovo328449",0.428176592854962,993,"Yes","S24-7",1
"380",380,"denovo57687",0.42394699562416,993,"Yes","S24-7",1
"381",381,"denovo237638",0.42394699562416,993,"Yes","Desulfovibrio",1
"382",382,"denovo321734",0.42394699562416,993,"Yes","schaedleri",1
"383",383,"denovo250062",0.423347900706812,993,"Yes","Clostridiales",1
"384",384,"denovo106326",0.422221452885782,993,"Yes","Clostridiales",1
"385",385,"denovo412257",-0.420332844428239,993,"Yes","Clostridiales",1
"386",386,"denovo195660",-0.419365604315686,993,"Yes","Erysipelotrichaceae",1
"387",387,"denovo222775",0.417832693747701,993,"Yes","gnavus",1
"388",388,"denovo375272",0.417611332000053,993,"Yes","S24-7",1
"389",389,"denovo476902",0.417611332000053,993,"Yes","Clostridiales",1
"390",390,"denovo540168",0.417012237082704,993,"Yes","Clostridiales",1
"391",391,"denovo304365",-0.415048144236168,993,"Yes","S24-7",1
"392",392,"denovo417576",0.414939899407367,993,"Yes","Ruminococcaceae",1
"393",393,"denovo391079",0.414340804490018,993,"Yes","Lachnospiraceae",1
"394",394,"denovo233462",0.41407392505871,993,"Yes",NA,1
"395",395,"denovo159829",0.412782639851902,993,"Yes","Clostridiales",1
"396",396,"denovo439948",0.412782639851902,993,"Yes","schaedleri",1
"397",397,"denovo370157",-0.412121034456108,993,"Yes","S24-7",1
"398",398,"denovo497859",0.411497030123594,993,"Yes","muciniphila",1
"399",399,"denovo17114",-0.41028418966011,993,"Yes","Clostridiales",1
"400",400,"denovo70045",0.408556140004855,993,"Yes","S24-7",1
"401",401,"denovo144970",0.408556140004855,993,"Yes","Clostridiales",1
"402",402,"denovo98637",0.407267432892792,993,"Yes","Lactobacillus",1
"403",403,"denovo191797",-0.40466836750893,993,"Yes","S24-7",1
"404",404,"denovo317746",-0.402240507318057,993,"Yes",NA,1
"405",405,"denovo58729",0.401918928879923,993,"Yes","S24-7",1
"406",406,"denovo87089",0.401918928879923,993,"Yes","Enterococcus",1
"407",407,"denovo570013",0.401918928879923,993,"Yes","Ruminococcaceae",1
"408",408,"denovo573462",0.401918928879923,993,"Yes","Lachnospiraceae",1
"409",409,"denovo195059",0.401007707095131,993,"Yes","Clostridiales",1
"410",410,"denovo351840",0.398811335814943,993,"Yes","S24-7",1
"411",411,"denovo348417",0.397990879149945,993,"Yes","S24-7",1
"412",412,"denovo198674",-0.396317921698653,993,"Yes","S24-7",1
"413",413,"denovo117203",-0.395703606011994,993,"Yes","Bacteroides",1
"414",414,"denovo97350",0.392475672190835,993,"Yes","CF231",1
"415",415,"denovo252236",0.392475672190835,993,"Yes",NA,1
"416",416,"denovo330787",0.390754573107665,993,"Yes","S24-7",1
"417",417,"denovo368727",-0.389638724583659,993,"Yes","S24-7",1
"418",418,"denovo306109",-0.388082335413688,993,"Yes","S24-7",1
"419",419,"denovo64660",0.387646980042684,993,"Yes","Rikenellaceae",1
"420",420,"denovo191553",0.387646980042684,993,"Yes","Ruminococcaceae",1
"421",421,"denovo244421",-0.387064539229491,993,"Yes","Bacteroides",1
"422",422,"denovo392088",-0.387064539229491,993,"Yes","S24-7",1
"423",423,"denovo47029",-0.386430959788263,993,"Yes","S24-7",1
"424",424,"denovo398908",-0.386430959788263,993,"Yes","Bacteroides",1
"425",425,"denovo21165",-0.385962969264899,993,"Yes","Clostridiales",1
"426",426,"denovo180840",-0.385962969264899,993,"Yes","S24-7",1
"427",427,"denovo134232",-0.385962969264898,993,"Yes","S24-7",1
"428",428,"denovo481729",0.385239366148555,993,"Yes","Clostridiales",1
"429",429,"denovo235036",-0.384945173080701,993,"Yes","Clostridiales",1
"430",430,"denovo267792",-0.384945173080701,993,"Yes","S24-7",1
"431",431,"denovo425020",-0.384945173080701,993,"Yes","S24-7",1
"432",432,"denovo30782",-0.384637288353905,993,"Yes","S24-7",1
"433",433,"denovo134967",-0.384637288353905,993,"Yes","S24-7",1
"434",434,"denovo272660",-0.384637288353905,993,"Yes","S24-7",1
"435",435,"denovo541036",-0.384637288353905,993,"Yes","S24-7",1
"436",436,"denovo312867",0.383652543421123,993,"Yes","S24-7",1
"437",437,"denovo27939",-0.382985303413193,993,"Yes","S24-7",1
"438",438,"denovo166988",-0.382985303413193,993,"Yes","Bacteroides",1
"439",439,"denovo256445",-0.382985303413193,993,"Yes",NA,1
"440",440,"denovo273566",-0.382985303413193,993,"Yes","S24-7",1
"441",441,"denovo374142",-0.382985303413193,993,"Yes",NA,1
"442",442,"denovo487742",-0.382985303413193,993,"Yes","S24-7",1
"443",443,"denovo475321",-0.382859236269199,993,"Yes","S24-7",1
"444",444,"denovo439683",0.382741781869244,993,"Yes","S24-7",1
"445",445,"denovo266690",0.382298476029816,993,"Yes","S24-7",1
"446",446,"denovo462175",-0.38201806330064,993,"Yes","Clostridiales",1
"447",447,"denovo527746",-0.38201806330064,993,"Yes","Lachnospiraceae",1
"448",448,"denovo85681",0.381456172140935,993,"Yes","S24-7",1
"449",449,"denovo510604",-0.381406537981403,993,"Yes","S24-7",1
"450",450,"denovo176222",-0.380769558857465,993,"Yes","Clostridiales",1
"451",451,"denovo257697",-0.380769558857465,993,"Yes","S24-7",1
"452",452,"denovo146873",-0.380366078359927,993,"Yes","distasonis",1
"453",453,"denovo352037",-0.380366078359927,993,"Yes","S24-7",1
"454",454,"denovo460715",-0.380366078359927,993,"Yes","distasonis",1
"455",455,"denovo292471",-0.379751762673268,993,"Yes","S24-7",1
"456",456,"denovo427398",-0.379751762673268,993,"Yes","S24-7",1
"457",457,"denovo428919",-0.379751762673268,993,"Yes","S24-7",1
"458",458,"denovo436563",-0.379443877946473,993,"Yes","CF231",1
"459",459,"denovo356146",0.379422946190322,993,"Yes","schaedleri",1
"460",460,"denovo430718",0.378979640350894,993,"Yes","Clostridiales",1
"461",461,"denovo239669",-0.378975887423107,993,"Yes","S24-7",1
"462",462,"denovo225679",-0.377958091238911,993,"Yes","acidifaciens",1
"463",463,"denovo592886",-0.377958091238911,993,"Yes","S24-7",1
"464",464,"denovo66207",-0.37779189300576,993,"Yes","CF231",1
"465",465,"denovo94353",-0.37779189300576,993,"Yes","acidifaciens",1
"466",466,"denovo200974",-0.37779189300576,993,"Yes",NA,1
"467",467,"denovo297396",-0.37779189300576,993,"Yes","S24-7",1
"468",468,"denovo368328",-0.37779189300576,993,"Yes","Ruminococcaceae",1
"469",469,"denovo473234",-0.37779189300576,993,"Yes","S24-7",1
"470",470,"denovo240904",0.377493454341442,993,"Yes","Clostridiales",1
"471",471,"denovo248992",0.377493454341442,993,"Yes","S24-7",1
"472",472,"denovo528008",-0.377323902482395,993,"Yes","S24-7",1
"473",473,"denovo569536",0.376783269070705,993,"Yes","CF231",1
"474",474,"denovo98142",0.376406118245136,993,"Yes","S24-7",1
"475",475,"denovo107041",-0.376306106298198,993,"Yes","S24-7",1
"476",476,"denovo537579",-0.376306106298198,993,"Yes","S24-7",1
"477",477,"denovo564752",-0.376306106298198,993,"Yes","S24-7",1
"478",478,"denovo60567",0.376184174153357,993,"Yes","Clostridiales",1
"479",479,"denovo336508",-0.375998221571403,993,"Yes","Bacteroides",1
"480",480,"denovo594483",-0.375998221571403,993,"Yes","S24-7",1
"481",481,"denovo258910",-0.375998221571403,993,"Yes","CF231",1
"482",482,"denovo553744",-0.375998221571402,993,"Yes","Rikenellaceae",1
"483",483,"denovo319792",-0.374006910842714,993,"Yes","Lactobacillus",1
"484",484,"denovo390751",0.37326385711064,993,"Yes","Oscillospira",1
"485",485,"denovo5728",0.372934219719344,993,"Yes","Lachnospiraceae",1
"486",486,"denovo146796",-0.372691881792251,993,"Yes","Clostridiales",1
"487",487,"denovo234071",0.372664762193291,993,"Yes","S24-7",1
"488",488,"denovo412911",0.372664762193291,993,"Yes","S24-7",1
"489",489,"denovo455594",0.372664762193291,993,"Yes","S24-7",1
"490",490,"denovo38715",0.371954576922555,993,"Yes","CF231",1
"491",491,"denovo185528",-0.371116095573474,993,"Yes","Clostridiales",1
"492",492,"denovo120971",0.370890911286025,993,"Yes","CF231",1
"493",493,"denovo504143",0.369345926514369,993,"Yes","Oscillospira",1
"494",494,"denovo451988",0.369196832584585,993,"Yes","Lachnospiraceae",1
"495",495,"denovo377668",-0.368163919207156,993,"Yes","Ruminococcaceae",1
"496",496,"denovo544566",0.367950021167287,993,"Yes","S24-7",1
"497",497,"denovo484660",0.367950021167287,993,"Yes","Oscillospira",1
"498",498,"denovo77145",-0.367856034480361,993,"Yes","Clostridiales",1
"499",499,"denovo367746",0.367149555234181,993,"Yes","schaedleri",1
"500",500,"denovo359217",-0.366838238296164,993,"Yes","S24-7",1
"501",501,"denovo444182",0.366598556095236,993,"Yes","Oscillospira",1
"502",502,"denovo217226",0.366329098569183,993,"Yes","S24-7",1
"503",503,"denovo342660",0.366062219137875,993,"Yes","S24-7",1
"504",504,"denovo487494",0.366062219137875,993,"Yes","Prevotella",1
"505",505,"denovo233709",-0.366012684677256,993,"Yes","S24-7",1
"506",506,"denovo82811",0.365618913298447,993,"Yes","Rikenellaceae",1
"507",507,"denovo47256",-0.365379105236028,993,"Yes","Clostridiales",1
"508",508,"denovo261910",0.365279362221226,993,"Yes","Bacteroides",1
"509",509,"denovo416069",0.362434814208176,993,"Yes","CF231",1
"510",510,"denovo460826",0.362434814208176,993,"Yes","Clostridiales",1
"511",511,"denovo458043",-0.361644827888731,993,"Yes","S24-7",1
"512",512,"denovo369265",-0.361319133174298,993,"Yes","S24-7",1
"513",513,"denovo199079",-0.361176837365366,993,"Yes","S24-7",1
"514",514,"denovo298379",-0.35935926350679,993,"Yes","distasonis",1
"515",515,"denovo319436",-0.358891272983425,993,"Yes","Lachnospiraceae",1
"516",516,"denovo386573",0.35878066565946,993,"Yes","Lactobacillus",1
"517",517,"denovo86443",0.358472096408683,993,"Yes","S24-7",1
"518",518,"denovo500584",-0.358392023394238,993,"Yes","Clostridiales",1
"519",519,"denovo567476",-0.357924032870872,993,"Yes","Ruminococcus",1
"520",520,"denovo229264",-0.357873476799228,993,"Yes","S24-7",1
"521",521,"denovo76727",-0.357565592072433,993,"Yes","Lachnospiraceae",1
"522",522,"denovo338749",-0.357565592072433,993,"Yes","Allobaculum",1
"523",523,"denovo27967",-0.357565592072433,993,"Yes","S24-7",1
"524",524,"denovo503700",-0.357565592072433,993,"Yes","S24-7",1
"525",525,"denovo547522",-0.355989805853656,993,"Yes","S24-7",1
"526",526,"denovo572742",-0.354332051332508,993,"Yes","gnavus",1
"527",527,"denovo441158",-0.353864060809143,993,"Yes","Lachnospiraceae",1
"528",528,"denovo452857",0.353643404260533,993,"Yes","S24-7",1
"529",529,"denovo481401",-0.35221207586843,993,"Yes","S24-7",1
"530",530,"denovo581471",-0.35221207586843,993,"Yes","S24-7",1
"531",531,"denovo280115",-0.352122076357216,993,"Yes",NA,1
"532",532,"denovo495404",-0.352122076357216,993,"Yes","S24-7",1
"533",533,"denovo391627",0.350930907358697,993,"Yes","S24-7",1
"534",534,"denovo9921",-0.350796395446223,993,"Yes",NA,1
"535",535,"denovo307859",0.350636695449054,993,"Yes","S24-7",1
"536",536,"denovo553301",-0.350636289649653,993,"Yes","S24-7",1
"537",537,"denovo278236",0.350369816017746,993,"Yes","CF231",1
"538",538,"denovo171333",0.350324568581611,993,"Yes","Ruminococcaceae",1
"539",539,"denovo535209",0.344034152393638,993,"Yes","CF231",1
"540",540,"denovo493010",0.343988904957503,993,"Yes","Clostridiales",1
"541",541,"denovo564148",-0.341574811123403,993,"Yes","Butyricimonas",1
"542",542,"denovo503960",0.341533195284969,993,"Yes","S24-7",1
"543",543,"denovo205422",0.341533195284969,993,"Yes","S24-7",1
"544",544,"denovo345245",0.341533195284969,993,"Yes","S24-7",1
"545",545,"denovo167965",0.341514719162467,993,"Yes","Lachnospiraceae",1
"546",546,"denovo251692",0.337303598054167,993,"Yes","S24-7",1
"547",547,"denovo300450",0.336887335503873,993,"Yes","S24-7",1
"548",548,"denovo298666",0.336704503136819,993,"Yes","S24-7",1
"549",549,"denovo594635",0.336704503136819,993,"Yes","Clostridiales",1
"550",550,"denovo354055",0.336672386230347,993,"Yes","Ruminococcaceae",1
"551",551,"denovo333398",-0.335747821274743,993,"Yes","S24-7",1
"552",552,"denovo353462",-0.333954149840385,993,"Yes","S24-7",1
"553",553,"denovo198357",0.333385667457897,993,"Yes","Clostridiales",1
"554",554,"denovo560651",-0.333128596221477,993,"Yes","S24-7",1
"555",555,"denovo185098",0.331615337516295,993,"Yes","S24-7",1
"556",556,"denovo92056",0.331507183983866,993,"Yes","S24-7",1
"557",557,"denovo7713",0.330967934430059,993,"Yes","S24-7",1
"558",558,"denovo287446",0.330967934430059,993,"Yes","S24-7",1
"559",559,"denovo260602",0.330368839512711,993,"Yes","Lachnospiraceae",1
"560",560,"denovo208301",-0.329890533373738,993,"Yes","S24-7",1
"561",561,"denovo546549",-0.329890533373738,993,"Yes","Bacteroides",1
"562",562,"denovo222558",-0.329068624159748,993,"Yes","S24-7",1
"563",563,"denovo311103",-0.329068624159748,993,"Yes","S24-7",1
"564",564,"denovo121748",-0.328760739432952,993,"Yes","S24-7",1
"565",565,"denovo241314",-0.32710875449224,993,"Yes","S24-7",1
"566",566,"denovo572900",-0.32710875449224,993,"Yes","Lactobacillus",1
"567",567,"denovo430577",-0.326640763968874,993,"Yes",NA,1
"568",568,"denovo445339",-0.326640763968874,993,"Yes","S24-7",1
"569",569,"denovo215766",-0.325622967784678,993,"Yes","S24-7",1
"570",570,"denovo173642",0.3248536325536,993,"Yes","Clostridiales",1
"571",571,"denovo487765",-0.322903451531947,993,"Yes","Bacteroides",1
"572",572,"denovo150670",0.322476411870557,993,"Yes","pseudolongum",1
"573",573,"denovo582727",-0.318966567401198,993,"Yes","Clostridiales",1
"574",574,"denovo241107",0.31527553130993,993,"Yes","S24-7",1
"575",575,"denovo334001",0.31527553130993,993,"Yes","S24-7",1
"576",576,"denovo325869",0.314676436392582,993,"Yes","Bacteroides",1
"577",577,"denovo117334",0.314676436392582,993,"Yes","S24-7",1
"578",578,"denovo400582",0.310030576611486,993,"Yes","S24-7",1
"579",579,"denovo401559",-0.30967452412866,993,"Yes","Clostridiales",1
"580",580,"denovo88414",0.309161229433471,993,"Yes","Clostridiales",1
"581",581,"denovo554900",0.309161229433471,993,"Yes","S24-7",1
"582",582,"denovo516528",0.308811559222543,993,"Yes","Clostridiales",1
"583",583,"denovo154863",-0.306882453558912,993,"Yes","Clostridiales",1
"584",584,"denovo379428",-0.305306667340135,993,"Yes","CF231",1
"585",585,"denovo226950",-0.304481113721228,993,"Yes","S24-7",1
"586",586,"denovo264986",-0.304382608972239,993,"Yes","Clostridiales",1
"587",587,"denovo51058",-0.302361747572437,993,"Yes","S24-7",1
"588",588,"denovo443621",0.301883048784414,993,"Yes","Clostridiales",1
"589",589,"denovo498691",0.300927076447401,993,"Yes","S24-7",1
"590",590,"denovo351962",-0.29978756221827,993,"Yes","S24-7",1
"591",591,"denovo379558",-0.299319571694904,993,"Yes","S24-7",1
"592",592,"denovo250190",0.299042335150742,993,"Yes","Lachnospiraceae",1
"593",593,"denovo23869",-0.296958819121254,993,"Yes","Bacteroidales",1
"594",594,"denovo404092",-0.2963419058432,993,"Yes","S24-7",1
"595",595,"denovo448862",-0.2963419058432,993,"Yes","S24-7",1
"596",596,"denovo570149",-0.2963419058432,993,"Yes","S24-7",1
"597",597,"denovo392054",0.29572349947182,993,"Yes","schaedleri",1
"598",598,"denovo347992",-0.295682550457442,993,"Yes","S24-7",1
"599",599,"denovo486092",0.294328367771363,993,"Yes","Clostridiales",1
"600",600,"denovo215167",-0.293722680789934,993,"Yes","S24-7",1
"601",601,"denovo420656",-0.293722680789934,993,"Yes","Prevotella",1
"602",602,"denovo471971",-0.293108365103275,993,"Yes","S24-7",1
"603",603,"denovo383387",-0.29280048037648,993,"Yes","Bacteroides",1
"604",604,"denovo88608",-0.292640374579909,993,"Yes","S24-7",1
"605",605,"denovo177665",-0.291314693668918,993,"Yes","S24-7",1
"606",606,"denovo62792",-0.291148495435767,993,"Yes","S24-7",1
"607",607,"denovo179279",-0.291148495435767,993,"Yes","S24-7",1
"608",608,"denovo138497",-0.289662708728205,993,"Yes",NA,1
"609",609,"denovo163574",-0.289662708728205,993,"Yes","S24-7",1
"610",610,"denovo268638",-0.289662708728205,993,"Yes","S24-7",1
"611",611,"denovo562828",-0.289662708728205,993,"Yes","CF231",1
"612",612,"denovo227693",-0.289354824001409,993,"Yes","distasonis",1
"613",613,"denovo298779",-0.289354824001409,993,"Yes","S24-7",1
"614",614,"denovo72844",-0.289354824001409,993,"Yes","RF39",1
"615",615,"denovo482525",-0.286345717088524,993,"Yes","Lactobacillus",1
"616",616,"denovo309501",0.286021364623298,993,"Yes","Clostridiales",1
"617",617,"denovo413917",-0.280844421954295,993,"Yes","Prevotella",1
"618",618,"denovo473336",-0.280104841214956,993,"Yes","CF231",1
"619",619,"denovo378068",-0.278619054507394,993,"Yes","S24-7",1
"620",620,"denovo167243",0.275791416638183,993,"Yes","S24-7",1
"621",621,"denovo72843",-0.27436785087751,993,"Yes","Clostridiales",1
"622",622,"denovo148532",-0.271894618303994,993,"Yes","S24-7",1
"623",623,"denovo535794",-0.271140079718021,993,"Yes","distasonis",1
"624",624,"denovo245230",-0.270672089194655,993,"Yes","S24-7",1
"625",625,"denovo216011",-0.269840658427626,993,"Yes","Clostridiales",1
"626",626,"denovo56716",0.267910768242419,993,"Yes","Clostridiales",1
"627",627,"denovo370130",-0.267481721816371,993,"Yes","Prevotella",1
"628",628,"denovo490926",0.26700000669054,993,"Yes","S24-7",1
"629",629,"denovo407764",-0.266036668821802,993,"Yes","S24-7",1
"630",630,"denovo595946",-0.265728784095007,993,"Yes","RF39",1
"631",631,"denovo461052",-0.264242997387445,993,"Yes","CF231",1
"632",632,"denovo518409",-0.264242997387445,993,"Yes","Clostridiales",1
"633",633,"denovo345600",-0.263992892079661,993,"Yes","Clostridiales",1
"634",634,"denovo500507",-0.263737473366318,993,"Yes","Ruminococcaceae",1
"635",635,"denovo192645",-0.262787560998126,993,"Yes","S24-7",1
"636",636,"denovo443123",0.254889797714976,993,"Yes","Clostridiales",1
"637",637,"denovo81639",-0.25203446375975,993,"Yes","S24-7",1
"638",638,"denovo17914",-0.24910442370475,993,"Yes","S24-7",1
"639",639,"denovo180221",0.247912830065041,993,"Yes","Ruminococcaceae",1
"640",640,"denovo93233",-0.245658767329679,993,"Yes","S24-7",1
"641",641,"denovo309718",0.24541524578573,993,"Yes","Clostridiales",1
"642",642,"denovo298000",-0.243039542276414,993,"Yes","Rikenellaceae",1
"643",643,"denovo396672",-0.242425226589755,993,"Yes","S24-7",1
"644",644,"denovo112193",-0.242425226589755,993,"Yes","S24-7",1
"645",645,"denovo465359",0.241054009350032,993,"Yes","Clostridiales",1
"646",646,"denovo82303",-0.238694348925167,993,"Yes","S24-7",1
"647",647,"denovo461909",-0.238671685487889,993,"Yes","S24-7",1
"648",648,"denovo277929",-0.238671685487889,993,"Yes","S24-7",1
"649",649,"denovo283153",-0.238219923629462,993,"Yes","S24-7",1
"650",650,"denovo200308",-0.233839020796661,993,"Yes","Clostridiales",1
"651",651,"denovo257778",-0.228041917291985,993,"Yes","S24-7",1
"652",652,"denovo53009",0.220546465407821,993,"Yes","Clostridiales",1
"653",653,"denovo474585",-0.2204569412045,993,"Yes","S24-7",1
"654",654,"denovo227091",0.220187898008784,993,"Yes","Lachnospiraceae",1
"655",655,"denovo344109",-0.219710735236277,993,"Yes","S24-7",1
"656",656,"denovo56108",-0.219391196342959,993,"Yes","Clostridiales",1
"657",657,"denovo237753",0.217387565282803,993,"Yes","Clostridiales",1
"658",658,"denovo354242",0.217272877165034,993,"Yes","Clostridiales",1
"659",659,"denovo535231",0.215270946454578,993,"Yes","Clostridiales",1
"660",660,"denovo432793",-0.213144164648277,993,"Yes","S24-7",1
"661",661,"denovo548170",0.209454986729257,993,"Yes","Oscillospira",1
"662",662,"denovo141457",-0.206464967533282,993,"Yes","S24-7",1
"663",663,"denovo41940",0.205162631538468,993,"Yes","Clostridiales",1
"664",664,"denovo162767",-0.204415877385582,993,"Yes","Anaerostipes",1
"665",665,"denovo35893",-0.199405086652265,993,"Yes","Bacteroidales",1
"666",666,"denovo6729",0.199377967053305,993,"Yes","Lachnospiraceae",1
"667",667,"denovo11638",-0.198941985570985,993,"Yes","Clostridiales",1
"668",668,"denovo560508",-0.194511511800237,993,"Yes","Clostridiales",1
"669",669,"denovo349764",0.193042303429197,993,"Yes","Clostridiales",1
"670",670,"denovo107927",0.189811266923419,993,"Yes","Clostridiales",1
"671",671,"denovo187952",0.189723467750275,993,"Yes","Clostridiales",1
"672",672,"denovo145566",-0.188940907374223,993,"Yes","Clostridiales",1
"673",673,"denovo427535",-0.18180556435893,993,"Yes","S24-7",1
"674",674,"denovo448350",-0.18180556435893,993,"Yes","Clostridiales",1
"675",675,"denovo193815",0.181267370672426,993,"Yes","Clostridiales",1
"676",676,"denovo87643",-0.179393271251809,993,"Yes","acidifaciens",1
"677",677,"denovo391427",-0.179085386525014,993,"Yes","Clostridiaceae",1
"678",678,"denovo369737",-0.178617396001648,993,"Yes","Clostridiales",1
"679",679,"denovo283443",-0.178407402819866,993,"Yes","Lachnospiraceae",1
"680",680,"denovo446831",0.167006001201807,993,"Yes","Clostridiales",1
"681",681,"denovo416840",0.166589738651513,993,"Yes","Rikenellaceae",1
"682",682,"denovo80649",-0.165035211488924,993,"Yes","Clostridiales",1
"683",683,"denovo383819",0.164176430851706,993,"Yes","Clostridiales",1
"684",684,"denovo347501",0.161998535694019,993,"Yes","Coprococcus",1
"685",685,"denovo129641",-0.160975239427194,993,"Yes","S24-7",1
"686",686,"denovo81629",-0.141398519721991,993,"Yes","S24-7",1
"687",687,"denovo588774",0.141389641252595,993,"Yes","RF39",1
"688",688,"denovo507912",-0.134553124373846,993,"Yes","S24-7",1
"689",689,"denovo378420",0.133853069689568,993,"Yes","Clostridiales",1
"690",690,"denovo21039",-0.124135344003619,993,"Yes","Lactobacillus",1
"691",691,"denovo251107",-0.119513685236493,993,"Yes","S24-7",1
"692",692,"denovo473019",-0.118027898528931,993,"Yes","S24-7",1
"693",693,"denovo215326",0.117874422900256,993,"Yes","Clostridiales",1
"694",694,"denovo592858",-0.112734749157884,993,"Yes","Clostridiales",1
"695",695,"denovo376949",-0.111235364170195,993,"Yes","Clostridiales",1
"696",696,"denovo244045",0.110586293981527,993,"Yes","Oscillospira",1
"697",697,"denovo20432",-0.110292100913674,993,"Yes","gnavus",1
"698",698,"denovo278974",0.109675072196735,993,"Yes","gnavus",1
"699",699,"denovo59555",-0.108769535363954,993,"Yes","Clostridiales",1
"700",700,"denovo582267",0.106318693174328,993,"Yes","Clostridiales",1
"701",701,"denovo434534",-0.103305019071883,993,"Yes","S24-7",1
"702",702,"denovo565338",-0.101081055737524,993,"Yes","Clostridiales",1
"703",703,"denovo254578",-0.0994290707968109,993,"Yes","Ruminococcus",1
"704",704,"denovo171454",0.0925712470911095,993,"Yes","S24-7",1
"705",705,"denovo539169",0.0885365652395112,993,"Yes","Lachnospiraceae",1
"706",706,"denovo38742",-0.0860377817387089,993,"Yes","Clostridiales",1
"707",707,"denovo452513",0.0848416255690357,993,"Yes","Clostridiales",1
"708",708,"denovo283720",-0.0840474975351919,993,"Yes","Bacteroidales",1
"709",709,"denovo344458",0.0831548197383451,993,"Yes","Coprobacillus",1
"710",710,"denovo195738",-0.081930540790511,993,"Yes","Lachnospiraceae",1
"711",711,"denovo17577",0.073758844472142,993,"Yes","Clostridiales",1
"712",712,"denovo296647",-0.0589696680683708,993,"Yes","Clostridiales",1
"713",713,"denovo572649",0.0503401824361659,993,"Yes","Clostridiales",1
"714",714,"denovo525911",0.0454532414218498,993,"Yes","Clostridiales",1
"715",715,"denovo234293",-0.03776203105743,993,"Yes","Clostridiales",1
"716",716,"denovo324742",-0.0321521490950631,993,"Yes","Lactobacillus",1
"717",717,"denovo318064",-0.0317535119823079,993,"Yes","acidifaciens",1
"718",718,"denovo560431",-0.0289958406519601,993,"Yes","Clostridium",1
"719",719,"denovo282794",-0.0261944902342142,993,"Yes","S24-7",1
"720",720,"denovo109014",0.01728659963844,993,"Yes","Clostridiales",1
"721",721,"denovo378822",-0.0129518714599681,993,"Yes","gnavus",1
"722",722,"denovo585",0,993,"Yes","S24-7",1
"723",723,"denovo726",0,993,"Yes","RF39",1
"724",724,"denovo842",0,993,"Yes","S24-7",1
"725",725,"denovo1139",0,993,"Yes","Lachnospiraceae",1
"726",726,"denovo1462",0,993,"Yes","Rikenellaceae",1
"727",727,"denovo1705",0,993,"Yes","S24-7",1
"728",728,"denovo3520",0,993,"Yes","S24-7",1
"729",729,"denovo4145",0,993,"Yes","S24-7",1
"730",730,"denovo4681",0,993,"Yes","S24-7",1
"731",731,"denovo5186",0,993,"Yes","CF231",1
"732",732,"denovo7287",0,993,"Yes","S24-7",1
"733",733,"denovo8929",0,993,"Yes","S24-7",1
"734",734,"denovo9026",0,993,"Yes","S24-7",1
"735",735,"denovo9983",0,993,"Yes","gnavus",1
"736",736,"denovo10051",0,993,"Yes",NA,1
"737",737,"denovo11482",0,993,"Yes","S24-7",1
"738",738,"denovo12320",0,993,"Yes","Clostridiales",1
"739",739,"denovo13958",0,993,"Yes","Clostridiales",1
"740",740,"denovo13960",0,993,"Yes","S24-7",1
"741",741,"denovo14385",0,993,"Yes","S24-7",1
"742",742,"denovo15225",0,993,"Yes","S24-7",1
"743",743,"denovo16013",0,993,"Yes","Clostridiales",1
"744",744,"denovo16043",0,993,"Yes","S24-7",1
"745",745,"denovo16223",0,993,"Yes","S24-7",1
"746",746,"denovo18608",0,993,"Yes","CF231",1
"747",747,"denovo19515",0,993,"Yes","Oscillospira",1
"748",748,"denovo20073",0,993,"Yes","Bacteroides",1
"749",749,"denovo21120",0,993,"Yes",NA,1
"750",750,"denovo22477",0,993,"Yes","S24-7",1
"751",751,"denovo24302",0,993,"Yes","RF39",1
"752",752,"denovo24936",0,993,"Yes","Clostridiales",1
"753",753,"denovo27442",0,993,"Yes","Clostridiales",1
"754",754,"denovo28436",0,993,"Yes","S24-7",1
"755",755,"denovo28546",0,993,"Yes","S24-7",1
"756",756,"denovo28908",0,993,"Yes","S24-7",1
"757",757,"denovo29781",0,993,"Yes","Clostridiales",1
"758",758,"denovo30414",0,993,"Yes","S24-7",1
"759",759,"denovo30539",0,993,"Yes","S24-7",1
"760",760,"denovo30701",0,993,"Yes","Clostridiaceae",1
"761",761,"denovo32165",0,993,"Yes","RF39",1
"762",762,"denovo32787",0,993,"Yes","S24-7",1
"763",763,"denovo34629",0,993,"Yes","S24-7",1
"764",764,"denovo34882",0,993,"Yes","S24-7",1
"765",765,"denovo36228",0,993,"Yes","Ruminococcaceae",1
"766",766,"denovo36439",0,993,"Yes","AF12",1
"767",767,"denovo36614",0,993,"Yes","S24-7",1
"768",768,"denovo36988",0,993,"Yes","S24-7",1
"769",769,"denovo37427",0,993,"Yes","Clostridiales",1
"770",770,"denovo38098",0,993,"Yes","S24-7",1
"771",771,"denovo38303",0,993,"Yes","Clostridiales",1
"772",772,"denovo38542",0,993,"Yes","S24-7",1
"773",773,"denovo39857",0,993,"Yes","gnavus",1
"774",774,"denovo42511",0,993,"Yes","S24-7",1
"775",775,"denovo43782",0,993,"Yes","S24-7",1
"776",776,"denovo43930",0,993,"Yes","S24-7",1
"777",777,"denovo44707",0,993,"Yes","S24-7",1
"778",778,"denovo45461",0,993,"Yes","S24-7",1
"779",779,"denovo46695",0,993,"Yes","S24-7",1
"780",780,"denovo47213",0,993,"Yes","Bacteroides",1
"781",781,"denovo47795",0,993,"Yes","Clostridiales",1
"782",782,"denovo52004",0,993,"Yes","Clostridiales",1
"783",783,"denovo53787",0,993,"Yes","S24-7",1
"784",784,"denovo55391",0,993,"Yes","distasonis",1
"785",785,"denovo55931",0,993,"Yes","Clostridiales",1
"786",786,"denovo56212",0,993,"Yes","S24-7",1
"787",787,"denovo56465",0,993,"Yes","S24-7",1
"788",788,"denovo60742",0,993,"Yes","S24-7",1
"789",789,"denovo60781",0,993,"Yes","S24-7",1
"790",790,"denovo61266",0,993,"Yes","Clostridiales",1
"791",791,"denovo61431",0,993,"Yes","Ruminococcaceae",1
"792",792,"denovo63281",0,993,"Yes","CF231",1
"793",793,"denovo63531",0,993,"Yes","Christensenella",1
"794",794,"denovo64372",0,993,"Yes","S24-7",1
"795",795,"denovo66755",0,993,"Yes","S24-7",1
"796",796,"denovo67351",0,993,"Yes",NA,1
"797",797,"denovo67723",0,993,"Yes","S24-7",1
"798",798,"denovo68225",0,993,"Yes","Prevotella",1
"799",799,"denovo68876",0,993,"Yes","S24-7",1
"800",800,"denovo69508",0,993,"Yes","S24-7",1
"801",801,"denovo71849",0,993,"Yes","S24-7",1
"802",802,"denovo71910",0,993,"Yes","S24-7",1
"803",803,"denovo75214",0,993,"Yes","Prevotella",1
"804",804,"denovo77671",0,993,"Yes","S24-7",1
"805",805,"denovo78625",0,993,"Yes","Oscillospira",1
"806",806,"denovo78833",0,993,"Yes","Bacteroides",1
"807",807,"denovo79767",0,993,"Yes","S24-7",1
"808",808,"denovo80355",0,993,"Yes","CF231",1
"809",809,"denovo80616",0,993,"Yes","S24-7",1
"810",810,"denovo81200",0,993,"Yes","S24-7",1
"811",811,"denovo82235",0,993,"Yes","CF231",1
"812",812,"denovo82276",0,993,"Yes","Rikenellaceae",1
"813",813,"denovo83945",0,993,"Yes","S24-7",1
"814",814,"denovo84384",0,993,"Yes","S24-7",1
"815",815,"denovo84698",0,993,"Yes","S24-7",1
"816",816,"denovo85411",0,993,"Yes","Clostridiales",1
"817",817,"denovo86711",0,993,"Yes","S24-7",1
"818",818,"denovo87382",0,993,"Yes","S24-7",1
"819",819,"denovo87997",0,993,"Yes",NA,1
"820",820,"denovo88206",0,993,"Yes","Clostridiales",1
"821",821,"denovo88904",0,993,"Yes","S24-7",1
"822",822,"denovo91893",0,993,"Yes","S24-7",1
"823",823,"denovo92492",0,993,"Yes","Bacteroides",1
"824",824,"denovo93228",0,993,"Yes","S24-7",1
"825",825,"denovo94033",0,993,"Yes","Ruminococcaceae",1
"826",826,"denovo97656",0,993,"Yes","S24-7",1
"827",827,"denovo100002",0,993,"Yes","S24-7",1
"828",828,"denovo103793",0,993,"Yes","S24-7",1
"829",829,"denovo105060",0,993,"Yes","Clostridiales",1
"830",830,"denovo106107",0,993,"Yes","S24-7",1
"831",831,"denovo109388",0,993,"Yes","CF231",1
"832",832,"denovo110315",0,993,"Yes","S24-7",1
"833",833,"denovo111612",0,993,"Yes","Clostridiales",1
"834",834,"denovo112246",0,993,"Yes","S24-7",1
"835",835,"denovo114421",0,993,"Yes","Oscillospira",1
"836",836,"denovo115793",0,993,"Yes","S24-7",1
"837",837,"denovo116061",0,993,"Yes","S24-7",1
"838",838,"denovo117526",0,993,"Yes","Lachnospiraceae",1
"839",839,"denovo118325",0,993,"Yes","acidifaciens",1
"840",840,"denovo118478",0,993,"Yes","S24-7",1
"841",841,"denovo118859",0,993,"Yes","S24-7",1
"842",842,"denovo119311",0,993,"Yes","S24-7",1
"843",843,"denovo120210",0,993,"Yes","S24-7",1
"844",844,"denovo121948",0,993,"Yes","S24-7",1
"845",845,"denovo122225",0,993,"Yes","S24-7",1
"846",846,"denovo122245",0,993,"Yes","S24-7",1
"847",847,"denovo122936",0,993,"Yes","Clostridiales",1
"848",848,"denovo123447",0,993,"Yes","S24-7",1
"849",849,"denovo124391",0,993,"Yes","Ruminococcaceae",1
"850",850,"denovo125101",0,993,"Yes","S24-7",1
"851",851,"denovo127161",0,993,"Yes","Prevotella",1
"852",852,"denovo128475",0,993,"Yes","S24-7",1
"853",853,"denovo130487",0,993,"Yes","S24-7",1
"854",854,"denovo130634",0,993,"Yes","S24-7",1
"855",855,"denovo132219",0,993,"Yes","Clostridiales",1
"856",856,"denovo132412",0,993,"Yes","Clostridiales",1
"857",857,"denovo132864",0,993,"Yes","S24-7",1
"858",858,"denovo133068",0,993,"Yes","Parabacteroides",1
"859",859,"denovo133272",0,993,"Yes","S24-7",1
"860",860,"denovo134811",0,993,"Yes","S24-7",1
"861",861,"denovo134975",0,993,"Yes","S24-7",1
"862",862,"denovo135527",0,993,"Yes","S24-7",1
"863",863,"denovo135712",0,993,"Yes","Ruminococcaceae",1
"864",864,"denovo135934",0,993,"Yes","S24-7",1
"865",865,"denovo136096",0,993,"Yes","Oscillospira",1
"866",866,"denovo137432",0,993,"Yes","S24-7",1
"867",867,"denovo138139",0,993,"Yes","S24-7",1
"868",868,"denovo145500",0,993,"Yes","S24-7",1
"869",869,"denovo146923",0,993,"Yes","S24-7",1
"870",870,"denovo147362",0,993,"Yes","S24-7",1
"871",871,"denovo149073",0,993,"Yes","S24-7",1
"872",872,"denovo150014",0,993,"Yes","S24-7",1
"873",873,"denovo150421",0,993,"Yes","S24-7",1
"874",874,"denovo151426",0,993,"Yes","Clostridiales",1
"875",875,"denovo154072",0,993,"Yes","S24-7",1
"876",876,"denovo155013",0,993,"Yes","S24-7",1
"877",877,"denovo155058",0,993,"Yes","S24-7",1
"878",878,"denovo155061",0,993,"Yes","S24-7",1
"879",879,"denovo155454",0,993,"Yes","S24-7",1
"880",880,"denovo155603",0,993,"Yes","S24-7",1
"881",881,"denovo156557",0,993,"Yes","S24-7",1
"882",882,"denovo157626",0,993,"Yes","S24-7",1
"883",883,"denovo159043",0,993,"Yes","S24-7",1
"884",884,"denovo159338",0,993,"Yes","S24-7",1
"885",885,"denovo160546",0,993,"Yes","Lachnospiraceae",1
"886",886,"denovo160881",0,993,"Yes","Oscillospira",1
"887",887,"denovo161687",0,993,"Yes","S24-7",1
"888",888,"denovo162850",0,993,"Yes","S24-7",1
"889",889,"denovo163605",0,993,"Yes","S24-7",1
"890",890,"denovo164158",0,993,"Yes","S24-7",1
"891",891,"denovo165798",0,993,"Yes","S24-7",1
"892",892,"denovo166100",0,993,"Yes","S24-7",1
"893",893,"denovo166641",0,993,"Yes","S24-7",1
"894",894,"denovo168545",0,993,"Yes","Clostridiales",1
"895",895,"denovo169755",0,993,"Yes","S24-7",1
"896",896,"denovo170785",0,993,"Yes","Rikenellaceae",1
"897",897,"denovo170933",0,993,"Yes","S24-7",1
"898",898,"denovo171287",0,993,"Yes","S24-7",1
"899",899,"denovo173504",0,993,"Yes","S24-7",1
"900",900,"denovo173740",0,993,"Yes","S24-7",1
"901",901,"denovo173948",0,993,"Yes","S24-7",1
"902",902,"denovo175246",0,993,"Yes","S24-7",1
"903",903,"denovo175657",0,993,"Yes","S24-7",1
"904",904,"denovo175737",0,993,"Yes","CF231",1
"905",905,"denovo176939",0,993,"Yes","S24-7",1
"906",906,"denovo178010",0,993,"Yes","S24-7",1
"907",907,"denovo179601",0,993,"Yes","distasonis",1
"908",908,"denovo179676",0,993,"Yes","Bifidobacterium",1
"909",909,"denovo179916",0,993,"Yes","S24-7",1
"910",910,"denovo180231",0,993,"Yes","S24-7",1
"911",911,"denovo181036",0,993,"Yes","Parabacteroides",1
"912",912,"denovo184280",0,993,"Yes","Clostridiales",1
"913",913,"denovo188954",0,993,"Yes","S24-7",1
"914",914,"denovo188975",0,993,"Yes","S24-7",1
"915",915,"denovo189785",0,993,"Yes","Bacteroides",1
"916",916,"denovo190215",0,993,"Yes","S24-7",1
"917",917,"denovo190489",0,993,"Yes","S24-7",1
"918",918,"denovo191504",0,993,"Yes","Oscillospira",1
"919",919,"denovo191968",0,993,"Yes","S24-7",1
"920",920,"denovo192842",0,993,"Yes","Allobaculum",1
"921",921,"denovo193443",0,993,"Yes","S24-7",1
"922",922,"denovo193445",0,993,"Yes","S24-7",1
"923",923,"denovo194111",0,993,"Yes","S24-7",1
"924",924,"denovo195207",0,993,"Yes","CF231",1
"925",925,"denovo196116",0,993,"Yes","S24-7",1
"926",926,"denovo203148",0,993,"Yes","S24-7",1
"927",927,"denovo203929",0,993,"Yes","S24-7",1
"928",928,"denovo203954",0,993,"Yes","S24-7",1
"929",929,"denovo203961",0,993,"Yes","Oscillospira",1
"930",930,"denovo206423",0,993,"Yes","S24-7",1
"931",931,"denovo207463",0,993,"Yes","S24-7",1
"932",932,"denovo209084",0,993,"Yes","S24-7",1
"933",933,"denovo210509",0,993,"Yes","Ruminococcaceae",1
"934",934,"denovo211038",0,993,"Yes","Clostridiales",1
"935",935,"denovo211611",0,993,"Yes","S24-7",1
"936",936,"denovo211688",0,993,"Yes","S24-7",1
"937",937,"denovo212238",0,993,"Yes","Lactobacillus",1
"938",938,"denovo213090",0,993,"Yes","Bilophila",1
"939",939,"denovo213368",0,993,"Yes","S24-7",1
"940",940,"denovo213780",0,993,"Yes","S24-7",1
"941",941,"denovo214904",0,993,"Yes","schaedleri",1
"942",942,"denovo215732",0,993,"Yes","S24-7",1
"943",943,"denovo216136",0,993,"Yes","Lachnospiraceae",1
"944",944,"denovo216142",0,993,"Yes","S24-7",1
"945",945,"denovo216660",0,993,"Yes","S24-7",1
"946",946,"denovo216834",0,993,"Yes","S24-7",1
"947",947,"denovo219612",0,993,"Yes","S24-7",1
"948",948,"denovo221027",0,993,"Yes","S24-7",1
"949",949,"denovo222944",0,993,"Yes","Bacteroides",1
"950",950,"denovo225095",0,993,"Yes","CF231",1
"951",951,"denovo226384",0,993,"Yes","Clostridiales",1
"952",952,"denovo226496",0,993,"Yes","Clostridiales",1
"953",953,"denovo227333",0,993,"Yes","Ruminococcaceae",1
"954",954,"denovo227747",0,993,"Yes","Clostridiales",1
"955",955,"denovo228100",0,993,"Yes","S24-7",1
"956",956,"denovo228583",0,993,"Yes","S24-7",1
"957",957,"denovo229656",0,993,"Yes","S24-7",1
"958",958,"denovo231525",0,993,"Yes","S24-7",1
"959",959,"denovo231543",0,993,"Yes","S24-7",1
"960",960,"denovo232843",0,993,"Yes","AF12",1
"961",961,"denovo234585",0,993,"Yes","S24-7",1
"962",962,"denovo236083",0,993,"Yes","Clostridiales",1
"963",963,"denovo236558",0,993,"Yes","distasonis",1
"964",964,"denovo236696",0,993,"Yes","S24-7",1
"965",965,"denovo237720",0,993,"Yes","Clostridiales",1
"966",966,"denovo239553",0,993,"Yes","S24-7",1
"967",967,"denovo239847",0,993,"Yes","Rikenellaceae",1
"968",968,"denovo240878",0,993,"Yes","S24-7",1
"969",969,"denovo240974",0,993,"Yes","S24-7",1
"970",970,"denovo245173",0,993,"Yes",NA,1
"971",971,"denovo245389",0,993,"Yes","S24-7",1
"972",972,"denovo245896",0,993,"Yes","acidifaciens",1
"973",973,"denovo246053",0,993,"Yes","S24-7",1
"974",974,"denovo246554",0,993,"Yes","S24-7",1
"975",975,"denovo246733",0,993,"Yes","S24-7",1
"976",976,"denovo247553",0,993,"Yes","S24-7",1
"977",977,"denovo249196",0,993,"Yes","S24-7",1
"978",978,"denovo250499",0,993,"Yes","S24-7",1
"979",979,"denovo250857",0,993,"Yes","S24-7",1
"980",980,"denovo252187",0,993,"Yes","S24-7",1
"981",981,"denovo252293",0,993,"Yes","S24-7",1
"982",982,"denovo253264",0,993,"Yes","S24-7",1
"983",983,"denovo254402",0,993,"Yes","Clostridiales",1
"984",984,"denovo254605",0,993,"Yes","Bifidobacterium",1
"985",985,"denovo258210",0,993,"Yes","S24-7",1
"986",986,"denovo259794",0,993,"Yes","S24-7",1
"987",987,"denovo260600",0,993,"Yes",NA,1
"988",988,"denovo260766",0,993,"Yes","Adlercreutzia",1
"989",989,"denovo263444",0,993,"Yes","S24-7",1
"990",990,"denovo264978",0,993,"Yes","S24-7",1
"991",991,"denovo268639",0,993,"Yes",NA,1
"992",992,"denovo268704",0,993,"Yes","Lactobacillus",1
"993",993,"denovo269430",0,993,"Yes","S24-7",1
"994",994,"denovo270269",0,993,"Yes","S24-7",1
"995",995,"denovo270509",0,993,"Yes","Rikenellaceae",1
"996",996,"denovo270547",0,993,"Yes","S24-7",1
"997",997,"denovo271898",0,993,"Yes","Oscillospira",1
"998",998,"denovo272004",0,993,"Yes","S24-7",1
"999",999,"denovo272350",0,993,"Yes","Lachnospiraceae",1
"1000",1000,"denovo273398",0,993,"Yes","Adlercreutzia",1
"1001",1001,"denovo273590",0,993,"Yes","S24-7",1
"1002",1002,"denovo275341",0,993,"Yes","Lactobacillus",1
"1003",1003,"denovo276228",0,993,"Yes","S24-7",1
"1004",1004,"denovo276871",0,993,"Yes","Oscillospira",1
"1005",1005,"denovo276887",0,993,"Yes","S24-7",1
"1006",1006,"denovo277186",0,993,"Yes","S24-7",1
"1007",1007,"denovo277923",0,993,"Yes","Lachnospiraceae",1
"1008",1008,"denovo280377",0,993,"Yes","S24-7",1
"1009",1009,"denovo281156",0,993,"Yes","S24-7",1
"1010",1010,"denovo281857",0,993,"Yes","CF231",1
"1011",1011,"denovo282600",0,993,"Yes","S24-7",1
"1012",1012,"denovo283035",0,993,"Yes","S24-7",1
"1013",1013,"denovo283103",0,993,"Yes","S24-7",1
"1014",1014,"denovo284029",0,993,"Yes","S24-7",1
"1015",1015,"denovo284178",0,993,"Yes","S24-7",1
"1016",1016,"denovo285647",0,993,"Yes","Lactobacillus",1
"1017",1017,"denovo286724",0,993,"Yes","Clostridiales",1
"1018",1018,"denovo288848",0,993,"Yes","S24-7",1
"1019",1019,"denovo289315",0,993,"Yes","S24-7",1
"1020",1020,"denovo289318",0,993,"Yes","Clostridiales",1
"1021",1021,"denovo291662",0,993,"Yes","CF231",1
"1022",1022,"denovo293219",0,993,"Yes","Clostridiales",1
"1023",1023,"denovo293571",0,993,"Yes","S24-7",1
"1024",1024,"denovo293632",0,993,"Yes","S24-7",1
"1025",1025,"denovo295143",0,993,"Yes","S24-7",1
"1026",1026,"denovo295445",0,993,"Yes","Bacteroides",1
"1027",1027,"denovo296492",0,993,"Yes","Clostridiales",1
"1028",1028,"denovo298932",0,993,"Yes","S24-7",1
"1029",1029,"denovo300439",0,993,"Yes","S24-7",1
"1030",1030,"denovo300888",0,993,"Yes","Lachnospiraceae",1
"1031",1031,"denovo301906",0,993,"Yes","S24-7",1
"1032",1032,"denovo302184",0,993,"Yes","Clostridiales",1
"1033",1033,"denovo304429",0,993,"Yes","S24-7",1
"1034",1034,"denovo304770",0,993,"Yes","S24-7",1
"1035",1035,"denovo306502",0,993,"Yes","S24-7",1
"1036",1036,"denovo306519",0,993,"Yes","CF231",1
"1037",1037,"denovo308811",0,993,"Yes","S24-7",1
"1038",1038,"denovo308898",0,993,"Yes","S24-7",1
"1039",1039,"denovo309774",0,993,"Yes","Lactobacillus",1
"1040",1040,"denovo313211",0,993,"Yes","S24-7",1
"1041",1041,"denovo313642",0,993,"Yes","S24-7",1
"1042",1042,"denovo313938",0,993,"Yes","S24-7",1
"1043",1043,"denovo314132",0,993,"Yes","S24-7",1
"1044",1044,"denovo314926",0,993,"Yes","S24-7",1
"1045",1045,"denovo315193",0,993,"Yes","Clostridiales",1
"1046",1046,"denovo317755",0,993,"Yes","S24-7",1
"1047",1047,"denovo320011",0,993,"Yes","Lactobacillus",1
"1048",1048,"denovo320056",0,993,"Yes","Prevotella",1
"1049",1049,"denovo320103",0,993,"Yes","S24-7",1
"1050",1050,"denovo320473",0,993,"Yes","S24-7",1
"1051",1051,"denovo321474",0,993,"Yes","S24-7",1
"1052",1052,"denovo322660",0,993,"Yes","S24-7",1
"1053",1053,"denovo326749",0,993,"Yes","Clostridiales",1
"1054",1054,"denovo326780",0,993,"Yes","S24-7",1
"1055",1055,"denovo327000",0,993,"Yes","S24-7",1
"1056",1056,"denovo327737",0,993,"Yes","S24-7",1
"1057",1057,"denovo327762",0,993,"Yes","Clostridiales",1
"1058",1058,"denovo328096",0,993,"Yes","S24-7",1
"1059",1059,"denovo328205",0,993,"Yes","Ruminococcaceae",1
"1060",1060,"denovo328560",0,993,"Yes","Clostridiales",1
"1061",1061,"denovo329320",0,993,"Yes","Clostridiales",1
"1062",1062,"denovo330300",0,993,"Yes","Clostridiales",1
"1063",1063,"denovo330306",0,993,"Yes","Bacteroides",1
"1064",1064,"denovo331349",0,993,"Yes","S24-7",1
"1065",1065,"denovo331470",0,993,"Yes","S24-7",1
"1066",1066,"denovo331598",0,993,"Yes","Ruminococcaceae",1
"1067",1067,"denovo333268",0,993,"Yes","S24-7",1
"1068",1068,"denovo333631",0,993,"Yes","Clostridiales",1
"1069",1069,"denovo333671",0,993,"Yes","S24-7",1
"1070",1070,"denovo333681",0,993,"Yes","S24-7",1
"1071",1071,"denovo334864",0,993,"Yes","S24-7",1
"1072",1072,"denovo335869",0,993,"Yes","S24-7",1
"1073",1073,"denovo336931",0,993,"Yes","S24-7",1
"1074",1074,"denovo337360",0,993,"Yes","S24-7",1
"1075",1075,"denovo338937",0,993,"Yes","S24-7",1
"1076",1076,"denovo339419",0,993,"Yes","CF231",1
"1077",1077,"denovo340005",0,993,"Yes","Clostridiales",1
"1078",1078,"denovo342317",0,993,"Yes","S24-7",1
"1079",1079,"denovo343984",0,993,"Yes","Lachnospiraceae",1
"1080",1080,"denovo345051",0,993,"Yes","S24-7",1
"1081",1081,"denovo346560",0,993,"Yes","S24-7",1
"1082",1082,"denovo346630",0,993,"Yes","flavefaciens",1
"1083",1083,"denovo347433",0,993,"Yes","S24-7",1
"1084",1084,"denovo349825",0,993,"Yes","S24-7",1
"1085",1085,"denovo354093",0,993,"Yes","Clostridiales",1
"1086",1086,"denovo355169",0,993,"Yes","S24-7",1
"1087",1087,"denovo355739",0,993,"Yes","Clostridiales",1
"1088",1088,"denovo357140",0,993,"Yes","Clostridiales",1
"1089",1089,"denovo357282",0,993,"Yes","acidifaciens",1
"1090",1090,"denovo357551",0,993,"Yes","S24-7",1
"1091",1091,"denovo358190",0,993,"Yes","S24-7",1
"1092",1092,"denovo358470",0,993,"Yes","S24-7",1
"1093",1093,"denovo358999",0,993,"Yes","S24-7",1
"1094",1094,"denovo359022",0,993,"Yes","S24-7",1
"1095",1095,"denovo361299",0,993,"Yes","Lachnospiraceae",1
"1096",1096,"denovo361351",0,993,"Yes","S24-7",1
"1097",1097,"denovo362957",0,993,"Yes",NA,1
"1098",1098,"denovo363346",0,993,"Yes","S24-7",1
"1099",1099,"denovo368052",0,993,"Yes","S24-7",1
"1100",1100,"denovo369214",0,993,"Yes","S24-7",1
"1101",1101,"denovo371502",0,993,"Yes","S24-7",1
"1102",1102,"denovo372654",0,993,"Yes","Lachnospiraceae",1
"1103",1103,"denovo374157",0,993,"Yes","S24-7",1
"1104",1104,"denovo374194",0,993,"Yes","S24-7",1
"1105",1105,"denovo375397",0,993,"Yes","S24-7",1
"1106",1106,"denovo376005",0,993,"Yes","S24-7",1
"1107",1107,"denovo376108",0,993,"Yes","Clostridiales",1
"1108",1108,"denovo376212",0,993,"Yes","S24-7",1
"1109",1109,"denovo378129",0,993,"Yes","S24-7",1
"1110",1110,"denovo381830",0,993,"Yes","S24-7",1
"1111",1111,"denovo384848",0,993,"Yes","S24-7",1
"1112",1112,"denovo385747",0,993,"Yes","Clostridiales",1
"1113",1113,"denovo385855",0,993,"Yes","Lachnospiraceae",1
"1114",1114,"denovo387688",0,993,"Yes","S24-7",1
"1115",1115,"denovo389001",0,993,"Yes","S24-7",1
"1116",1116,"denovo390255",0,993,"Yes","Clostridiales",1
"1117",1117,"denovo390434",0,993,"Yes","Lachnospiraceae",1
"1118",1118,"denovo392201",0,993,"Yes","S24-7",1
"1119",1119,"denovo392893",0,993,"Yes","S24-7",1
"1120",1120,"denovo393237",0,993,"Yes","S24-7",1
"1121",1121,"denovo393322",0,993,"Yes","S24-7",1
"1122",1122,"denovo394367",0,993,"Yes","Clostridiales",1
"1123",1123,"denovo399127",0,993,"Yes","S24-7",1
"1124",1124,"denovo399569",0,993,"Yes","S24-7",1
"1125",1125,"denovo401653",0,993,"Yes","S24-7",1
"1126",1126,"denovo401852",0,993,"Yes","S24-7",1
"1127",1127,"denovo403910",0,993,"Yes","Clostridiales",1
"1128",1128,"denovo404141",0,993,"Yes","CF231",1
"1129",1129,"denovo404314",0,993,"Yes","S24-7",1
"1130",1130,"denovo404725",0,993,"Yes","S24-7",1
"1131",1131,"denovo405064",0,993,"Yes","Clostridiales",1
"1132",1132,"denovo405740",0,993,"Yes","S24-7",1
"1133",1133,"denovo406517",0,993,"Yes","Clostridiales",1
"1134",1134,"denovo407756",0,993,"Yes","distasonis",1
"1135",1135,"denovo407964",0,993,"Yes","S24-7",1
"1136",1136,"denovo409070",0,993,"Yes","Oscillospira",1
"1137",1137,"denovo409603",0,993,"Yes","Clostridiales",1
"1138",1138,"denovo410199",0,993,"Yes","S24-7",1
"1139",1139,"denovo410394",0,993,"Yes","S24-7",1
"1140",1140,"denovo411779",0,993,"Yes","Oscillospira",1
"1141",1141,"denovo411897",0,993,"Yes","S24-7",1
"1142",1142,"denovo411923",0,993,"Yes","schaedleri",1
"1143",1143,"denovo412243",0,993,"Yes","S24-7",1
"1144",1144,"denovo413703",0,993,"Yes","S24-7",1
"1145",1145,"denovo413788",0,993,"Yes","S24-7",1
"1146",1146,"denovo417642",0,993,"Yes","S24-7",1
"1147",1147,"denovo418615",0,993,"Yes","CF231",1
"1148",1148,"denovo421531",0,993,"Yes","rc4-4",1
"1149",1149,"denovo421776",0,993,"Yes","S24-7",1
"1150",1150,"denovo424795",0,993,"Yes","S24-7",1
"1151",1151,"denovo425910",0,993,"Yes","S24-7",1
"1152",1152,"denovo426611",0,993,"Yes","Bacteroides",1
"1153",1153,"denovo428652",0,993,"Yes","S24-7",1
"1154",1154,"denovo430253",0,993,"Yes","Allobaculum",1
"1155",1155,"denovo430609",0,993,"Yes","S24-7",1
"1156",1156,"denovo431532",0,993,"Yes","S24-7",1
"1157",1157,"denovo432117",0,993,"Yes","S24-7",1
"1158",1158,"denovo434469",0,993,"Yes","S24-7",1
"1159",1159,"denovo436505",0,993,"Yes","S24-7",1
"1160",1160,"denovo438975",0,993,"Yes","S24-7",1
"1161",1161,"denovo439374",0,993,"Yes","Rikenellaceae",1
"1162",1162,"denovo445745",0,993,"Yes","S24-7",1
"1163",1163,"denovo446654",0,993,"Yes","Lactobacillus",1
"1164",1164,"denovo447115",0,993,"Yes","S24-7",1
"1165",1165,"denovo447983",0,993,"Yes","S24-7",1
"1166",1166,"denovo448318",0,993,"Yes","acidifaciens",1
"1167",1167,"denovo449064",0,993,"Yes","CF231",1
"1168",1168,"denovo449096",0,993,"Yes","S24-7",1
"1169",1169,"denovo449605",0,993,"Yes","S24-7",1
"1170",1170,"denovo450375",0,993,"Yes","S24-7",1
"1171",1171,"denovo450936",0,993,"Yes","S24-7",1
"1172",1172,"denovo451367",0,993,"Yes","S24-7",1
"1173",1173,"denovo452330",0,993,"Yes","Bifidobacterium",1
"1174",1174,"denovo452967",0,993,"Yes","S24-7",1
"1175",1175,"denovo453615",0,993,"Yes","Clostridiales",1
"1176",1176,"denovo454176",0,993,"Yes","CF231",1
"1177",1177,"denovo454647",0,993,"Yes","Bacteroides",1
"1178",1178,"denovo457303",0,993,"Yes","S24-7",1
"1179",1179,"denovo459342",0,993,"Yes","S24-7",1
"1180",1180,"denovo459481",0,993,"Yes","CF231",1
"1181",1181,"denovo462917",0,993,"Yes","S24-7",1
"1182",1182,"denovo468076",0,993,"Yes","AF12",1
"1183",1183,"denovo468204",0,993,"Yes","S24-7",1
"1184",1184,"denovo471364",0,993,"Yes","S24-7",1
"1185",1185,"denovo471864",0,993,"Yes","CF231",1
"1186",1186,"denovo471876",0,993,"Yes","S24-7",1
"1187",1187,"denovo472454",0,993,"Yes","Rikenellaceae",1
"1188",1188,"denovo473594",0,993,"Yes","S24-7",1
"1189",1189,"denovo474466",0,993,"Yes","S24-7",1
"1190",1190,"denovo475245",0,993,"Yes","S24-7",1
"1191",1191,"denovo475369",0,993,"Yes","S24-7",1
"1192",1192,"denovo475811",0,993,"Yes","S24-7",1
"1193",1193,"denovo476913",0,993,"Yes","S24-7",1
"1194",1194,"denovo478345",0,993,"Yes","Bacteroides",1
"1195",1195,"denovo481237",0,993,"Yes","S24-7",1
"1196",1196,"denovo482489",0,993,"Yes","S24-7",1
"1197",1197,"denovo485081",0,993,"Yes","S24-7",1
"1198",1198,"denovo485414",0,993,"Yes","Clostridiales",1
"1199",1199,"denovo485454",0,993,"Yes","S24-7",1
"1200",1200,"denovo485970",0,993,"Yes","S24-7",1
"1201",1201,"denovo486487",0,993,"Yes","S24-7",1
"1202",1202,"denovo487729",0,993,"Yes","Clostridiales",1
"1203",1203,"denovo487981",0,993,"Yes","S24-7",1
"1204",1204,"denovo488288",0,993,"Yes","S24-7",1
"1205",1205,"denovo488554",0,993,"Yes",NA,1
"1206",1206,"denovo488761",0,993,"Yes","Sutterella",1
"1207",1207,"denovo489095",0,993,"Yes","acidifaciens",1
"1208",1208,"denovo489456",0,993,"Yes","S24-7",1
"1209",1209,"denovo491046",0,993,"Yes","S24-7",1
"1210",1210,"denovo491883",0,993,"Yes","S24-7",1
"1211",1211,"denovo492975",0,993,"Yes","S24-7",1
"1212",1212,"denovo494227",0,993,"Yes","S24-7",1
"1213",1213,"denovo494609",0,993,"Yes","S24-7",1
"1214",1214,"denovo497337",0,993,"Yes","S24-7",1
"1215",1215,"denovo497414",0,993,"Yes","S24-7",1
"1216",1216,"denovo498147",0,993,"Yes","Clostridiales",1
"1217",1217,"denovo498185",0,993,"Yes","S24-7",1
"1218",1218,"denovo499101",0,993,"Yes","S24-7",1
"1219",1219,"denovo499916",0,993,"Yes","S24-7",1
"1220",1220,"denovo502299",0,993,"Yes","S24-7",1
"1221",1221,"denovo502679",0,993,"Yes","Clostridiales",1
"1222",1222,"denovo504009",0,993,"Yes","S24-7",1
"1223",1223,"denovo506933",0,993,"Yes","S24-7",1
"1224",1224,"denovo507300",0,993,"Yes","S24-7",1
"1225",1225,"denovo507868",0,993,"Yes",NA,1
"1226",1226,"denovo508106",0,993,"Yes","S24-7",1
"1227",1227,"denovo509143",0,993,"Yes","S24-7",1
"1228",1228,"denovo509930",0,993,"Yes","S24-7",1
"1229",1229,"denovo512193",0,993,"Yes","S24-7",1
"1230",1230,"denovo512994",0,993,"Yes","S24-7",1
"1231",1231,"denovo515939",0,993,"Yes","CF231",1
"1232",1232,"denovo516017",0,993,"Yes","CF231",1
"1233",1233,"denovo516584",0,993,"Yes","S24-7",1
"1234",1234,"denovo518710",0,993,"Yes","S24-7",1
"1235",1235,"denovo519509",0,993,"Yes","S24-7",1
"1236",1236,"denovo519979",0,993,"Yes","S24-7",1
"1237",1237,"denovo520114",0,993,"Yes","S24-7",1
"1238",1238,"denovo520170",0,993,"Yes","Clostridiales",1
"1239",1239,"denovo520262",0,993,"Yes","Clostridiales",1
"1240",1240,"denovo521239",0,993,"Yes","S24-7",1
"1241",1241,"denovo521645",0,993,"Yes","S24-7",1
"1242",1242,"denovo522809",0,993,"Yes","Clostridiales",1
"1243",1243,"denovo525615",0,993,"Yes","S24-7",1
"1244",1244,"denovo525739",0,993,"Yes","S24-7",1
"1245",1245,"denovo526192",0,993,"Yes","S24-7",1
"1246",1246,"denovo527793",0,993,"Yes","Clostridiales",1
"1247",1247,"denovo530835",0,993,"Yes","S24-7",1
"1248",1248,"denovo531085",0,993,"Yes","Prevotella",1
"1249",1249,"denovo532275",0,993,"Yes","S24-7",1
"1250",1250,"denovo532312",0,993,"Yes","S24-7",1
"1251",1251,"denovo533114",0,993,"Yes","acidifaciens",1
"1252",1252,"denovo533334",0,993,"Yes","Clostridiales",1
"1253",1253,"denovo534397",0,993,"Yes","S24-7",1
"1254",1254,"denovo535018",0,993,"Yes","CF231",1
"1255",1255,"denovo536013",0,993,"Yes","S24-7",1
"1256",1256,"denovo539589",0,993,"Yes","Clostridiales",1
"1257",1257,"denovo540192",0,993,"Yes","S24-7",1
"1258",1258,"denovo540680",0,993,"Yes","pseudolongum",1
"1259",1259,"denovo541032",0,993,"Yes","Clostridiales",1
"1260",1260,"denovo541079",0,993,"Yes","S24-7",1
"1261",1261,"denovo541636",0,993,"Yes","S24-7",1
"1262",1262,"denovo543065",0,993,"Yes","Clostridiales",1
"1263",1263,"denovo544217",0,993,"Yes","S24-7",1
"1264",1264,"denovo544497",0,993,"Yes","S24-7",1
"1265",1265,"denovo545996",0,993,"Yes","S24-7",1
"1266",1266,"denovo546596",0,993,"Yes","Desulfovibrio",1
"1267",1267,"denovo547056",0,993,"Yes","S24-7",1
"1268",1268,"denovo548582",0,993,"Yes","S24-7",1
"1269",1269,"denovo549455",0,993,"Yes","S24-7",1
"1270",1270,"denovo550114",0,993,"Yes",NA,1
"1271",1271,"denovo551722",0,993,"Yes","S24-7",1
"1272",1272,"denovo552426",0,993,"Yes","S24-7",1
"1273",1273,"denovo553092",0,993,"Yes","S24-7",1
"1274",1274,"denovo553752",0,993,"Yes","S24-7",1
"1275",1275,"denovo553883",0,993,"Yes","Clostridiales",1
"1276",1276,"denovo557447",0,993,"Yes","Clostridiales",1
"1277",1277,"denovo557543",0,993,"Yes","S24-7",1
"1278",1278,"denovo559001",0,993,"Yes","S24-7",1
"1279",1279,"denovo560239",0,993,"Yes","S24-7",1
"1280",1280,"denovo562014",0,993,"Yes","S24-7",1
"1281",1281,"denovo562984",0,993,"Yes","S24-7",1
"1282",1282,"denovo568172",0,993,"Yes","Clostridiales",1
"1283",1283,"denovo571087",0,993,"Yes","Clostridiales",1
"1284",1284,"denovo572724",0,993,"Yes","S24-7",1
"1285",1285,"denovo572764",0,993,"Yes","S24-7",1
"1286",1286,"denovo574452",0,993,"Yes","S24-7",1
"1287",1287,"denovo574558",0,993,"Yes","S24-7",1
"1288",1288,"denovo575090",0,993,"Yes","Lachnospiraceae",1
"1289",1289,"denovo575708",0,993,"Yes","Clostridiales",1
"1290",1290,"denovo576391",0,993,"Yes","S24-7",1
"1291",1291,"denovo578165",0,993,"Yes","S24-7",1
"1292",1292,"denovo578942",0,993,"Yes","S24-7",1
"1293",1293,"denovo579664",0,993,"Yes","S24-7",1
"1294",1294,"denovo580420",0,993,"Yes","Clostridiales",1
"1295",1295,"denovo580960",0,993,"Yes","S24-7",1
"1296",1296,"denovo581815",0,993,"Yes","Lachnospiraceae",1
"1297",1297,"denovo582362",0,993,"Yes","Rikenellaceae",1
"1298",1298,"denovo583806",0,993,"Yes","S24-7",1
"1299",1299,"denovo584754",0,993,"Yes","Anaerostipes",1
"1300",1300,"denovo585848",0,993,"Yes","S24-7",1
"1301",1301,"denovo586415",0,993,"Yes","S24-7",1
"1302",1302,"denovo586672",0,993,"Yes","S24-7",1
"1303",1303,"denovo586965",0,993,"Yes","S24-7",1
"1304",1304,"denovo587802",0,993,"Yes","Lachnospiraceae",1
"1305",1305,"denovo591546",0,993,"Yes","Rikenellaceae",1
"1306",1306,"denovo592012",0,993,"Yes","YS2",1
"1307",1307,"denovo592048",0,993,"Yes","S24-7",1
"1308",1308,"denovo593101",0,993,"Yes","S24-7",1
"1309",1309,"denovo594319",0,993,"Yes","S24-7",1
"1310",1310,"denovo594929",0,993,"Yes","Clostridiales",1
"1311",1311,"denovo594942",0,993,"Yes","S24-7",1
"1312",1312,"denovo595733",0,993,"Yes","Clostridiales",1
"1313",1313,"denovo595752",0,993,"Yes","Dorea",1
"1314",1314,"denovo597115",0,993,"Yes","S24-7",1
"1315",1315,"denovo597251",0,993,"Yes","S24-7",1
"1316",1316,"denovo597555",0,993,"Yes","S24-7",1
"1317",1317,"denovo597601",0,993,"Yes","S24-7",1
"1318",1318,"denovo598677",0,993,"Yes","S24-7",1
"1319",1319,"denovo343130",1.69635006444301,685,"No","S24-7",0.689828801611279
"1320",1320,"denovo456834",1.40366364117152,573,"No","S24-7",0.577039274924471
"1321",1321,"denovo1752",1.33213782087674,208,"No","S24-7",0.209466263846929
