,baseMean,log2FoldChange,Absolute,lfcSE,stat,pvalue,padj,Kingdom,Phylum,Class,New,Order,Family,Genus,Species,Rank1
denovo175813,11.3270522476732,-6.5933056497079,6.5933056497079,2.31168530116863,-2.85216402352637,0.004342268814712,0.082775012043273,Bacteria,Firmicutes,Clostridia,"O_Clostridiales,F_Ruminococcaceae,G_Ruminococcus",Clostridiales,Ruminococcaceae,Ruminococcus,flavefaciens,NA
denovo239422,26.5132959713073,-4.16156140198697,4.16156140198697,1.36963636644591,-3.03844254134829,0.002378044493781,0.081663323404348,Bacteria,Firmicutes,Clostridia,"O_Clostridiales,F_Lachnospiraceae,G_NA",Clostridiales,Lachnospiraceae,NA,NA,NA
denovo340110,13.0921458301799,-3.85493007309098,3.85493007309098,1.29453671795422,-2.97784529370707,0.002902824656722,0.081663323404348,Bacteria,Firmicutes,Clostridia,"O_Clostridiales,F_NA,G_NA",Clostridiales,NA,NA,NA,NA
denovo255803,13.9366232463056,3.83811631786134,3.83811631786134,1.20744787285252,3.17870146128463,0.001479363729374,0.080255482318528,Bacteria,Firmicutes,Clostridia,"O_Clostridiales,F_NA,G_NA",Clostridiales,NA,NA,NA,NA
denovo278275,12.8753493247439,-3.18750228236536,3.18750228236536,1.13591404781694,-2.80611221288377,0.005014322702628,0.082775012043273,Bacteria,Bacteroidetes,Bacteroidia,"O_Bacteroidales,F_Rikenellaceae,G_NA",Bacteroidales,Rikenellaceae,NA,NA,NA
denovo90825,40.2762712291299,-3.0898031167484,3.0898031167484,1.14869698607758,-2.68983304927006,0.007148777322249,0.087195832393381,Bacteria,Firmicutes,Clostridia,"O_Clostridiales,F_Lachnospiraceae,G_NA",Clostridiales,Lachnospiraceae,NA,NA,NA
denovo356692,24.38185308366,-2.99958429714668,2.99958429714668,0.835441300555257,-3.5904189739639,0.000330146850614,0.045505686025864,Bacteria,Verrucomicrobia,Verrucomicrobiae,"O_Verrucomicrobiales,F_Verrucomicrobiaceae,G_Akkermansia",Verrucomicrobiales,Verrucomicrobiaceae,Akkermansia,muciniphila,NA
denovo272061,19.4603358964081,-2.83176721615091,2.83176721615091,0.966392936175209,-2.93024411722056,0.003386958113544,0.081663323404348,Bacteria,Firmicutes,Clostridia,"O_Clostridiales,F_Lachnospiraceae,G_NA",Clostridiales,Lachnospiraceae,NA,NA,NA
denovo96132,40.0947779780049,2.56011136790366,2.56011136790366,0.866904771097419,2.95316331534639,0.003145355095083,0.081663323404348,Bacteria,Bacteroidetes,Bacteroidia,"O_Bacteroidales,F_S24-7,G_NA",Bacteroidales,S24-7,NA,NA,NA
denovo52359,19.2352698874086,-2.55751298466012,2.55751298466012,1.3487987807479,-1.89614123408533,0.057941371398718,0.256597501908608,Bacteria,Firmicutes,Clostridia,"O_Clostridiales,F_Ruminococcaceae,G_NA",Clostridiales,Ruminococcaceae,NA,NA,NA
denovo401798,24.7857817953329,2.54312087284395,2.54312087284395,0.968323081384459,2.62631442101733,0.008631504512836,0.088015329617903,Bacteria,Firmicutes,Clostridia,"O_Clostridiales,F_NA,G_NA",Clostridiales,NA,NA,NA,NA
denovo134905,57.5187324479013,2.48830856273708,2.48830856273708,0.951558544664321,2.61498210140594,0.008923213140986,0.088015329617903,Bacteria,Firmicutes,Clostridia,"O_Clostridiales,F_NA,G_NA",Clostridiales,NA,NA,NA,NA
denovo560339,80.4396666931494,-2.48293639829853,2.48293639829853,0.804200831943222,-3.08745813194313,0.002018762072234,0.081663323404348,Bacteria,Firmicutes,Clostridia,"O_Clostridiales,F_Lachnospiraceae,G_NA",Clostridiales,Lachnospiraceae,NA,NA,NA
denovo321337,101.031127609192,2.47915163683693,2.47915163683693,1.05517373270894,2.34951985629155,0.018797641475477,0.151077340747354,Bacteria,Firmicutes,Clostridia,"O_Clostridiales,F_Lachnospiraceae,G_Anaerostipes",Clostridiales,Lachnospiraceae,Anaerostipes,NA,NA
denovo187690,37.0065425545274,-2.41279337455277,2.41279337455277,0.935712884666564,-2.57856166575344,0.009921259005958,0.093125425190704,Bacteria,Firmicutes,Clostridia,"O_Clostridiales,F_NA,G_NA",Clostridiales,NA,NA,NA,NA
denovo422967,21.8676025091792,-2.40800609990522,2.40800609990522,0.864399842238038,-2.78575490443242,0.005340323357631,0.082775012043273,Bacteria,Firmicutes,Clostridia,"O_Clostridiales,F_NA,G_NA",Clostridiales,NA,NA,NA,NA
denovo520443,33.2180149411677,-2.11163606577626,2.11163606577626,0.878197909740419,-2.40451046666739,0.016194142471911,0.135158804477105,Bacteria,Firmicutes,Clostridia,"O_Clostridiales,F_Lachnospiraceae,G_NA",Clostridiales,Lachnospiraceae,NA,NA,NA
denovo555060,30.234805365396,-2.10628456884423,2.10628456884423,0.735867228370843,-2.86231603696687,0.004205573229366,0.082775012043273,Bacteria,Firmicutes,Clostridia,"O_Clostridiales,F_NA,G_NA",Clostridiales,NA,NA,NA,NA
denovo227,9.35041293230733,-2.06563238039491,2.06563238039491,0.934609305487981,-2.2101560173493,0.027094336262362,0.178165786937351,Bacteria,Firmicutes,Clostridia,"O_Clostridiales,F_NA,G_NA",Clostridiales,NA,NA,NA,NA
denovo25491,23.6342443303231,-2.02873002375373,2.02873002375373,1.11697499009447,-1.81627166386433,0.069328709712295,0.281604119965811,Bacteria,Firmicutes,Clostridia,"O_Clostridiales,F_NA,G_NA",Clostridiales,NA,NA,NA,NA
denovo401908,67.5991080057577,2.01126570253978,2.01126570253978,0.75881550310904,2.65053322487372,0.008036482248238,0.087195832393381,Bacteria,Firmicutes,Clostridia,"O_Clostridiales,F_Lachnospiraceae,G_[Ruminococcus]",Clostridiales,Lachnospiraceae,[Ruminococcus],gnavus,NA
denovo91715,79.1048471427503,-1.92255736081772,1.92255736081772,0.717349183474809,-2.68008580076015,0.007360329144256,0.087195832393381,Bacteria,Firmicutes,Clostridia,"O_Clostridiales,F_NA,G_NA",Clostridiales,NA,NA,NA,NA
denovo248411,15.2064855472642,-1.92222577026458,1.92222577026458,0.93760554022115,-2.05014335752665,0.040350443460672,0.212456501425744,Bacteria,Firmicutes,Clostridia,"O_Clostridiales,F_NA,G_NA",Clostridiales,NA,NA,NA,NA
denovo138384,16.2604557935501,1.90723967044426,1.90723967044426,0.832685834844284,2.29046729346719,0.021994242453358,0.170455379013527,Bacteria,Firmicutes,Clostridia,"O_Clostridiales,F_Lachnospiraceae,G_[Ruminococcus]",Clostridiales,Lachnospiraceae,[Ruminococcus],gnavus,NA
denovo111091,11.8575939533891,-1.86253102137473,1.86253102137473,1.14648924663998,-1.62455167096704,0.104258122031012,0.349830748691335,Bacteria,Firmicutes,Clostridia,"O_Clostridiales,F_Lachnospiraceae,G_NA",Clostridiales,Lachnospiraceae,NA,NA,NA
denovo25015,32.6407084400525,1.85852229577743,1.85852229577743,0.825580246620154,2.25117098354283,0.02437470994454,0.174285945658602,Bacteria,Firmicutes,Clostridia,"O_Clostridiales,F_NA,G_NA",Clostridiales,NA,NA,NA,NA
denovo262276,134.890511783861,1.85785219138539,1.85785219138539,0.857120704594393,2.16755024283839,0.030192923026395,0.18719612276365,Bacteria,Bacteroidetes,Bacteroidia,"O_Bacteroidales,F_NA,G_NA",Bacteroidales,NA,NA,NA,NA
denovo26735,17.6853791136868,-1.78626350674521,1.78626350674521,0.986114880851165,-1.8114152229438,0.070076601281815,0.281604119965811,Bacteria,Firmicutes,Clostridia,"O_Clostridiales,F_NA,G_NA",Clostridiales,NA,NA,NA,NA
denovo456834,122.374166477309,1.7682981958711,1.7682981958711,0.501280697395666,3.5275609155869,0.000419407244478,0.045505686025864,Bacteria,Bacteroidetes,Bacteroidia,"O_Bacteroidales,F_S24-7,G_NA",Bacteroidales,S24-7,NA,NA,NA
denovo1752,256.578158061068,1.74668039533302,1.74668039533302,0.5438393167132,3.21175821911779,0.001319253527629,0.080255482318528,Bacteria,Bacteroidetes,Bacteroidia,"O_Bacteroidales,F_S24-7,G_NA",Bacteroidales,S24-7,NA,NA,NA
denovo365702,46.7659463808185,1.72993243815404,1.72993243815404,0.932041598005987,1.85606784273906,0.063443888619708,0.275346476609534,Bacteria,Firmicutes,Clostridia,"O_Clostridiales,F_NA,G_NA",Clostridiales,NA,NA,NA,NA
denovo596434,16.2220412941423,-1.72538312498749,1.72538312498749,0.897806324414786,-1.92177653249674,0.054633882429763,0.256597501908608,Bacteria,Firmicutes,Clostridia,"O_Clostridiales,F_NA,G_NA",Clostridiales,NA,NA,NA,NA
denovo576930,25.071270963124,-1.70975688594577,1.70975688594577,1.00257550250425,-1.70536471485201,0.088126424874895,0.325472860763386,Bacteria,Firmicutes,Clostridia,"O_Clostridiales,F_NA,G_NA",Clostridiales,NA,NA,NA,NA
denovo437689,14.5561923812238,-1.6661809309233,1.6661809309233,1.02550132411275,-1.62474771289531,0.104216326312961,0.349830748691335,Bacteria,Firmicutes,Clostridia,"O_Clostridiales,F_NA,G_NA",Clostridiales,NA,NA,NA,NA
denovo343130,210.398460393138,1.60458953918979,1.60458953918979,0.628902513897714,2.55141218826605,0.010728735621049,0.093125425190704,Bacteria,Bacteroidetes,Bacteroidia,"O_Bacteroidales,F_S24-7,G_NA",Bacteroidales,S24-7,NA,NA,NA
denovo453595,35.1499981391177,-1.57955035060474,1.57955035060474,0.981425478716254,-1.60944502140994,0.107519067550175,0.349830748691335,Bacteria,Firmicutes,Clostridia,"O_Clostridiales,F_NA,G_NA",Clostridiales,NA,NA,NA,NA
denovo29679,34.2520414634356,-1.57930885482378,1.57930885482378,0.700833969314849,-2.25347075623025,0.024229482592448,0.174285945658602,Bacteria,Firmicutes,Clostridia,"O_Clostridiales,F_NA,G_NA",Clostridiales,NA,NA,NA,NA
denovo485533,7.46961483710501,1.56427386899019,1.56427386899019,0.989986298583728,1.58009648338369,0.114084772538471,0.364064641777179,Bacteria,Firmicutes,Clostridia,"O_Clostridiales,F_NA,G_NA",Clostridiales,NA,NA,NA,NA
denovo325137,13.5972254009138,-1.52714796058823,1.52714796058823,0.571504508422488,-2.67215382920353,0.007536609044069,0.087195832393381,Bacteria,Proteobacteria,Alphaproteobacteria,"O_RF32,F_NA,G_NA",RF32,NA,NA,NA,NA
denovo394326,177.941031577021,1.50538959267177,1.50538959267177,0.819118428177577,1.83781678068341,0.066089408065221,0.281203951963782,Bacteria,Firmicutes,Erysipelotrichi,"O_Erysipelotrichales,F_Erysipelotrichaceae,G_Allobaculum",Erysipelotrichales,Erysipelotrichaceae,Allobaculum,NA,NA
denovo58830,53.0474869987047,-1.49180499024401,1.49180499024401,0.924910372508448,-1.61291843467826,0.106762229564098,0.349830748691335,Bacteria,Firmicutes,Clostridia,"O_Clostridiales,F_Lachnospiraceae,G_NA",Clostridiales,Lachnospiraceae,NA,NA,NA
denovo117687,70.3320386636435,-1.48302695224231,1.48302695224231,0.729644529013427,-2.03253350538728,0.042099675397728,0.212456501425744,Bacteria,Firmicutes,Clostridia,"O_Clostridiales,F_NA,G_NA",Clostridiales,NA,NA,NA,NA
denovo189205,93.2777052923238,1.46129316658504,1.46129316658504,0.569901396882531,2.56411578314878,0.01034390322515,0.093125425190704,Bacteria,Bacteroidetes,Bacteroidia,"O_Bacteroidales,F_S24-7,G_NA",Bacteroidales,S24-7,NA,NA,NA
denovo142083,402.253211447969,1.45873403067091,1.45873403067091,0.534202318440279,2.73067708678241,0.006320436654479,0.087195832393381,Bacteria,Bacteroidetes,Bacteroidia,"O_Bacteroidales,F_S24-7,G_NA",Bacteroidales,S24-7,NA,NA,NA
denovo498339,29.0325260971589,-1.41618629996781,1.41618629996781,0.881155648838686,-1.60719198910461,0.108012258812532,0.349830748691335,Bacteria,Firmicutes,Clostridia,"O_Clostridiales,F_NA,G_NA",Clostridiales,NA,NA,NA,NA
denovo424827,7.77491085446538,-1.37511054093325,1.37511054093325,0.626777453836193,-2.1939374693791,0.028239905226479,0.180237042180765,Bacteria,Firmicutes,Clostridia,"O_Clostridiales,F_NA,G_NA",Clostridiales,NA,NA,NA,NA
denovo471342,17.2656384280217,1.37231507928823,1.37231507928823,0.63764514658724,2.1521610987444,0.031384668341746,0.1891798063933,Bacteria,Bacteroidetes,Bacteroidia,"O_Bacteroidales,F_S24-7,G_NA",Bacteroidales,S24-7,NA,NA,NA
denovo225134,25.2370314849414,1.31986393171255,1.31986393171255,0.64363857683113,2.05062900084505,0.040303089930171,0.212456501425744,Bacteria,Bacteroidetes,Bacteroidia,"O_Bacteroidales,F_S24-7,G_NA",Bacteroidales,S24-7,NA,NA,NA
denovo540876,7.60426057773838,1.31615776275361,1.31615776275361,0.690122697490888,1.90713588690653,0.056502993147322,0.256597501908608,Bacteria,Bacteroidetes,Bacteroidia,"O_Bacteroidales,F_Bacteroidaceae,G_Bacteroides",Bacteroidales,Bacteroidaceae,Bacteroides,NA,NA
denovo145195,22.9625683112536,1.31611967874227,1.31611967874227,1.06773132236154,1.23263189079381,0.217713133170058,0.537855953962834,Bacteria,Firmicutes,Clostridia,"O_Clostridiales,F_NA,G_NA",Clostridiales,NA,NA,NA,NA
denovo283898,86.5025876036675,1.30020768629823,1.30020768629823,0.961202706679084,1.35268833229818,0.176155219461584,0.479152245529862,Bacteria,Firmicutes,Clostridia,"O_Clostridiales,F_NA,G_NA",Clostridiales,NA,NA,NA,NA
denovo136434,9.19170209295157,1.29538052556844,1.29538052556844,0.614276320207365,2.10879124419309,0.034962604718379,0.199654874312849,Bacteria,Firmicutes,Clostridia,"O_Clostridiales,F_NA,G_NA",Clostridiales,NA,NA,NA,NA
denovo548595,96.3470825358301,1.28278465322093,1.28278465322093,0.458289954510445,2.7990677966992,0.005125037555612,0.082775012043273,Bacteria,Bacteroidetes,Bacteroidia,"O_Bacteroidales,F_S24-7,G_NA",Bacteroidales,S24-7,NA,NA,NA
denovo110872,23.8961708914964,-1.27468531395785,1.27468531395785,2.39098157055156,-0.533122182812896,0.593949004354828,0.827892193386113,Bacteria,Firmicutes,Clostridia,"O_Clostridiales,F_NA,G_NA",Clostridiales,NA,NA,NA,NA
denovo198850,11.1411297713607,-1.25823054688829,1.25823054688829,1.16152679960204,-1.08325571766349,0.278694934754291,0.587153406229915,Bacteria,Firmicutes,Clostridia,"O_Clostridiales,F_Lachnospiraceae,G_NA",Clostridiales,Lachnospiraceae,NA,NA,NA
denovo294236,170.294290942634,1.22041703665656,1.22041703665656,0.548112519716483,2.2265812087048,0.025975275993499,0.176144840330913,Bacteria,Bacteroidetes,Bacteroidia,"O_Bacteroidales,F_S24-7,G_NA",Bacteroidales,S24-7,NA,NA,NA
denovo77065,8.30150595994672,1.20825627602036,1.20825627602036,0.665419796459494,1.81578047790153,0.06940405309681,0.281604119965811,Bacteria,Bacteroidetes,Bacteroidia,"O_Bacteroidales,F_[Paraprevotellaceae],G_CF231",Bacteroidales,[Paraprevotellaceae],CF231,NA,NA
denovo324077,29.8947080288588,-1.17620537601741,1.17620537601741,0.857741013546737,-1.37128265693374,0.170286859933809,0.479152245529862,Bacteria,Firmicutes,Bacilli,"O_Lactobacillales,F_Lactobacillaceae,G_Lactobacillus",Lactobacillales,Lactobacillaceae,Lactobacillus,NA,NA
denovo63032,1438.97314506132,-1.16815871407942,1.16815871407942,0.983699264201108,-1.18751610028714,0.235024109739968,0.537855953962834,Bacteria,Firmicutes,Clostridia,"O_Clostridiales,F_NA,G_NA",Clostridiales,NA,NA,NA,NA
denovo442683,40.0363856591156,1.15564827048182,1.15564827048182,0.663223034059401,1.7424730612995,0.081425701247818,0.309989073171519,Bacteria,Firmicutes,Clostridia,"O_Clostridiales,F_NA,G_NA",Clostridiales,NA,NA,NA,NA
denovo502136,45.9325013022696,1.15496560694364,1.15496560694364,1.15744933463078,0.997854137012456,0.318350094115049,0.633464191920077,Bacteria,Firmicutes,Clostridia,"O_Clostridiales,F_Lachnospiraceae,G_NA",Clostridiales,Lachnospiraceae,NA,NA,NA
denovo460472,693.104801243065,1.14553176950706,1.14553176950706,0.430108659489989,2.66335435065503,0.00773658960826,0.087195832393381,Bacteria,Bacteroidetes,Bacteroidia,"O_Bacteroidales,F_Bacteroidaceae,G_Bacteroides",Bacteroidales,Bacteroidaceae,Bacteroides,acidifaciens,NA
denovo347668,10.2828918030298,-1.13365809988212,1.13365809988212,0.695316671923833,-1.63041984416318,0.103012793416357,0.349830748691335,Bacteria,Firmicutes,Clostridia,"O_Clostridiales,F_Ruminococcaceae,G_NA",Clostridiales,Ruminococcaceae,NA,NA,NA
denovo272989,10.7478711445098,-1.10990041021808,1.10990041021808,1.2761935007213,-0.869696021481665,0.384466547047522,0.672816457333163,Bacteria,Firmicutes,Clostridia,"O_Clostridiales,F_NA,G_NA",Clostridiales,NA,NA,NA,NA
denovo291148,28.6661958302784,1.09889581873198,1.09889581873198,0.746600771470596,1.47186536730663,0.141057237457553,0.425130840670679,Bacteria,Firmicutes,Clostridia,"O_Clostridiales,F_Lachnospiraceae,G_NA",Clostridiales,Lachnospiraceae,NA,NA,NA
denovo90339,33.7000180119793,1.08981585590137,1.08981585590137,0.512821573119497,2.12513652511147,0.033575222624937,0.196914143503007,Bacteria,Bacteroidetes,Bacteroidia,"O_Bacteroidales,F_S24-7,G_NA",Bacteroidales,S24-7,NA,NA,NA
denovo328994,7.74356288409854,1.08753335337664,1.08753335337664,0.976333413235346,1.11389545685301,0.265324038678103,0.570411163342659,Bacteria,Firmicutes,Clostridia,"O_Clostridiales,F_Lachnospiraceae,G_NA",Clostridiales,Lachnospiraceae,NA,NA,NA
denovo327696,14.2349171948136,1.05896349942005,1.05896349942005,0.556884935587602,1.90158402884911,0.057225557533557,0.256597501908608,Bacteria,Bacteroidetes,Bacteroidia,"O_Bacteroidales,F_S24-7,G_NA",Bacteroidales,S24-7,NA,NA,NA
denovo416744,54.8818773001971,1.05866956757503,1.05866956757503,0.884856950035084,1.1964301885554,0.231528726481568,0.537855953962834,Bacteria,Firmicutes,Clostridia,"O_Clostridiales,F_Lachnospiraceae,G_NA",Clostridiales,Lachnospiraceae,NA,NA,NA
denovo435895,60.5162181170524,1.05680140005588,1.05680140005588,0.594399295446385,1.77793178449553,0.075415059205157,0.292233354419984,Bacteria,Bacteroidetes,Bacteroidia,"O_Bacteroidales,F_Rikenellaceae,G_AF12",Bacteroidales,Rikenellaceae,AF12,NA,NA
denovo141893,13.9086691238704,-1.05448410529605,1.05448410529605,0.788493979414629,-1.33733945068152,0.181111859092994,0.4792838222339,Bacteria,Firmicutes,Clostridia,"O_Clostridiales,F_Lachnospiraceae,G_NA",Clostridiales,Lachnospiraceae,NA,NA,NA
denovo256810,11.0421084888649,-1.04973334262596,1.04973334262596,0.873687284941075,-1.20149779070753,0.229558162969232,0.537855953962834,Bacteria,Firmicutes,Clostridia,"O_Clostridiales,F_NA,G_NA",Clostridiales,NA,NA,NA,NA
denovo317379,340.490716642863,1.04864292086528,1.04864292086528,0.647458919638165,1.61962850315093,0.105312102961863,0.349830748691335,Bacteria,Bacteroidetes,Bacteroidia,"O_Bacteroidales,F_S24-7,G_NA",Bacteroidales,S24-7,NA,NA,NA
denovo317660,23.3512005394535,-1.0379941134085,1.0379941134085,0.576257785733301,-1.80126696611592,0.071660811871019,0.282734475927475,Bacteria,Firmicutes,Clostridia,"O_Clostridiales,F_Lachnospiraceae,G_NA",Clostridiales,Lachnospiraceae,NA,NA,NA
denovo243976,27.4046485288598,1.03199146934762,1.03199146934762,0.855499285237023,1.20630313450431,0.22770062951566,0.537855953962834,Bacteria,Firmicutes,Clostridia,"O_Clostridiales,F_Ruminococcaceae,G_Ruminococcus",Clostridiales,Ruminococcaceae,Ruminococcus,NA,NA
denovo541021,69.2420625105529,1.02791145614804,1.02791145614804,0.45827901282919,2.24298173682932,0.024897992236943,0.174285945658602,Bacteria,Firmicutes,Clostridia,"O_Clostridiales,F_NA,G_NA",Clostridiales,NA,NA,NA,NA
denovo226501,8.94508413627046,1.01414347505984,1.01414347505984,0.738302404041379,1.37361529572237,0.169561145798389,0.479152245529862,Bacteria,Bacteroidetes,Bacteroidia,"O_Bacteroidales,F_S24-7,G_NA",Bacteroidales,S24-7,NA,NA,NA
denovo420313,10.1412145864633,-1.00160043485865,1.00160043485865,0.89950111112874,-1.11350661212835,0.265490910127228,0.570411163342659,Bacteria,Firmicutes,Clostridia,"O_Clostridiales,F_NA,G_NA",Clostridiales,NA,NA,NA,NA
denovo337954,20.8703248767502,0.991100479950224,0.991100479950224,1.06640744779107,0.929382556360765,0.352690864567686,0.648592522128711,Bacteria,Firmicutes,Clostridia,"O_Clostridiales,F_NA,G_NA",Clostridiales,NA,NA,NA,NA
denovo228890,26.3708762952464,0.96994863048873,0.96994863048873,0.711596638169145,1.36305960211433,0.172863727191654,0.479152245529862,Bacteria,Bacteroidetes,Bacteroidia,"O_Bacteroidales,F_S24-7,G_NA",Bacteroidales,S24-7,NA,NA,NA
denovo414826,536.223446885744,0.963711238139164,0.963711238139164,0.465404504149414,2.07069598499153,0.038387215683875,0.212456501425744,Bacteria,Bacteroidetes,Bacteroidia,"O_Bacteroidales,F_S24-7,G_NA",Bacteroidales,S24-7,NA,NA,NA
denovo351446,44.8628617711291,-0.963004619424211,0.963004619424211,1.11785198289619,-0.86147775748378,0.388974966347844,0.673134217240901,Bacteria,Firmicutes,Bacilli,"O_Lactobacillales,F_Lactobacillaceae,G_Lactobacillus",Lactobacillales,Lactobacillaceae,Lactobacillus,NA,NA
denovo336637,8.65106972962007,0.947913304997119,0.947913304997119,0.556482018469462,1.703403297027,0.088492621129216,0.325472860763386,NA,NA,NA,"O_NA,F_NA,G_NA",NA,NA,NA,NA,Unassigned
denovo79770,7.5237914733274,0.925517069453334,0.925517069453334,1.49780232902059,0.617916698032196,0.536630251311073,0.782190450759653,Bacteria,Firmicutes,Clostridia,"O_Clostridiales,F_Lachnospiraceae,G_NA",Clostridiales,Lachnospiraceae,NA,NA,NA
denovo337352,15.3847348435057,0.921620016417718,0.921620016417718,0.472367341627222,1.95106633164541,0.051049155671571,0.251765154107521,Bacteria,Bacteroidetes,Bacteroidia,"O_Bacteroidales,F_S24-7,G_NA",Bacteroidales,S24-7,NA,NA,NA
denovo217383,172.974010457972,0.894097637263767,0.894097637263767,0.438985768187028,2.03673490590893,0.04167661456241,0.212456501425744,Bacteria,Bacteroidetes,Bacteroidia,"O_Bacteroidales,F_S24-7,G_NA",Bacteroidales,S24-7,NA,NA,NA
denovo323807,54.3140022368006,0.892864874889702,0.892864874889702,0.47058944833611,1.89733296835842,0.057784006408923,0.256597501908608,Bacteria,Bacteroidetes,Bacteroidia,"O_Bacteroidales,F_S24-7,G_NA",Bacteroidales,S24-7,NA,NA,NA
denovo426017,15.074296887042,0.891701218319415,0.891701218319415,0.792392208131152,1.12532810036394,0.260450026323327,0.570411163342659,Bacteria,Bacteroidetes,Bacteroidia,"O_Bacteroidales,F_S24-7,G_NA",Bacteroidales,S24-7,NA,NA,NA
denovo283662,24.6953968957647,-0.88639886195858,0.88639886195858,1.07441101070674,-0.82500910091708,0.409366423821971,0.694004015385686,Bacteria,Firmicutes,Clostridia,"O_Clostridiales,F_NA,G_NA",Clostridiales,NA,NA,NA,NA
denovo570498,701.478957839432,-0.872490867819646,0.872490867819646,0.724355170969383,-1.20450699157986,0.228393681389389,0.537855953962834,Bacteria,Deferribacteres,Deferribacteres,"O_Deferribacterales,F_Deferribacteraceae,G_Mucispirillum",Deferribacterales,Deferribacteraceae,Mucispirillum,schaedleri,NA
denovo254466,9.32222756924768,-0.863195232796865,0.863195232796865,0.986839066197422,-0.874707196304062,0.381733243531354,0.672816457333163,Bacteria,Firmicutes,Clostridia,"O_Clostridiales,F_NA,G_NA",Clostridiales,NA,NA,NA,NA
denovo53252,7.45641066210493,0.862159348045246,0.862159348045246,0.641678580043546,1.34360001230949,0.17907776552975,0.4792838222339,Bacteria,Bacteroidetes,Bacteroidia,"O_Bacteroidales,F_S24-7,G_NA",Bacteroidales,S24-7,NA,NA,NA
denovo145225,30.7900244430702,-0.855382319542491,0.855382319542491,0.844566839581227,-1.01280594910241,0.311152858559693,0.633464191920077,Bacteria,Cyanobacteria,4C0d-2,"O_YS2,F_NA,G_NA",YS2,NA,NA,NA,NA
denovo370273,9.04924097114605,-0.846962250033677,0.846962250033677,0.745313272626917,-1.13638423081946,0.255795792521527,0.569687250742438,Bacteria,Firmicutes,Clostridia,"O_Clostridiales,F_NA,G_NA",Clostridiales,NA,NA,NA,NA
denovo218551,129.43106950968,-0.834318489364645,0.834318489364645,0.645007443181009,-1.29350211099891,0.195837454427448,0.499961501303013,Bacteria,Firmicutes,Bacilli,"O_Lactobacillales,F_Lactobacillaceae,G_Lactobacillus",Lactobacillales,Lactobacillaceae,Lactobacillus,NA,NA
denovo469451,13.9550850417084,0.82900410556377,0.82900410556377,0.63167918142984,1.31238155369831,0.189391427626179,0.489261188034296,Bacteria,Bacteroidetes,Bacteroidia,"O_Bacteroidales,F_S24-7,G_NA",Bacteroidales,S24-7,NA,NA,NA
denovo43901,21.052584230368,-0.821317225880381,0.821317225880381,0.607863354777708,-1.35115436623208,0.176645989135433,0.479152245529862,Bacteria,Firmicutes,Clostridia,"O_Clostridiales,F_Lachnospiraceae,G_NA",Clostridiales,Lachnospiraceae,NA,NA,NA
denovo426217,207.415674476911,0.798616577863347,0.798616577863347,0.52149202781149,1.53140706908761,0.125668818080494,0.392455091520542,Bacteria,Bacteroidetes,Bacteroidia,"O_Bacteroidales,F_S24-7,G_NA",Bacteroidales,S24-7,NA,NA,NA
denovo414504,270.333021212775,0.792295112823308,0.792295112823308,0.543128943199928,1.45876061797661,0.144631005385876,0.429930522859386,Bacteria,Bacteroidetes,Bacteroidia,"O_Bacteroidales,F_S24-7,G_NA",Bacteroidales,S24-7,NA,NA,NA
denovo149171,46.7221660441696,-0.786374637357399,0.786374637357399,0.662827773012094,-1.18639361441339,0.235466892287876,0.537855953962834,Bacteria,Firmicutes,Clostridia,"O_Clostridiales,F_Lachnospiraceae,G_NA",Clostridiales,Lachnospiraceae,NA,NA,NA
denovo557348,23.031382297097,-0.766665344252577,0.766665344252577,0.501857909474196,-1.5276542020745,0.12659841661953,0.392455091520542,Bacteria,Firmicutes,Clostridia,"O_Clostridiales,F_Ruminococcaceae,G_Oscillospira",Clostridiales,Ruminococcaceae,Oscillospira,NA,NA
denovo423917,16.6903276719623,-0.766448354972534,0.766448354972534,0.777165462572528,-0.986210005312744,0.32403007052133,0.633464191920077,Bacteria,Firmicutes,Clostridia,"O_Clostridiales,F_Lachnospiraceae,G_NA",Clostridiales,Lachnospiraceae,NA,NA,NA
denovo325193,25.8286090328314,0.757708079027756,0.757708079027756,0.805259583529496,0.940948849943121,0.346731072190409,0.648592522128711,Bacteria,Firmicutes,Clostridia,"O_Clostridiales,F_Lachnospiraceae,G_NA",Clostridiales,Lachnospiraceae,NA,NA,NA
denovo189220,388.360641576242,0.755436088879617,0.755436088879617,0.505612873035962,1.49409979287827,0.135149538124258,0.413062672858649,Bacteria,Bacteroidetes,Bacteroidia,"O_Bacteroidales,F_Bacteroidaceae,G_Bacteroides",Bacteroidales,Bacteroidaceae,Bacteroides,NA,NA
denovo191581,19.3874787549949,-0.721452014589075,0.721452014589075,0.654781995604676,-1.10182017745132,0.270539856489401,0.575560282923531,Bacteria,Firmicutes,Clostridia,"O_Clostridiales,F_Ruminococcaceae,G_Oscillospira",Clostridiales,Ruminococcaceae,Oscillospira,NA,NA
denovo336301,20.4860366915565,-0.706160049185959,0.706160049185959,0.681055130730399,-1.03686180064254,0.299800268714203,0.625544791451751,Bacteria,Firmicutes,Clostridia,"O_Clostridiales,F_Lachnospiraceae,G_NA",Clostridiales,Lachnospiraceae,NA,NA,NA
denovo396527,13.4269527115869,0.697753495639523,0.697753495639523,0.743784926088412,0.938111907307708,0.348186903198708,0.648592522128711,Bacteria,Firmicutes,Clostridia,"O_Clostridiales,F_Lachnospiraceae,G_NA",Clostridiales,Lachnospiraceae,NA,NA,NA
denovo431157,536.554992769208,0.695730629643654,0.695730629643654,0.411023847950534,1.69267703835857,0.09051695822424,0.327369665577669,Bacteria,Bacteroidetes,Bacteroidia,"O_Bacteroidales,F_S24-7,G_NA",Bacteroidales,S24-7,NA,NA,NA
denovo321755,250.467893364514,-0.688731571926799,0.688731571926799,0.754416971810535,-0.912932234641942,0.361278182880512,0.649596174443387,Bacteria,Actinobacteria,Actinobacteria,"O_Bifidobacteriales,F_Bifidobacteriaceae,G_Bifidobacterium",Bifidobacteriales,Bifidobacteriaceae,Bifidobacterium,NA,NA
denovo42734,13.7395073934963,0.677864624059969,0.677864624059969,0.598372117811232,1.13284794508726,0.25727811323852,0.569687250742438,Bacteria,Proteobacteria,Deltaproteobacteria,"O_Desulfovibrionales,F_Desulfovibrionaceae,G_Bilophila",Desulfovibrionales,Desulfovibrionaceae,Bilophila,NA,NA
denovo448898,43.4807396221902,0.671169598955872,0.671169598955872,0.492340883587358,1.363221339787,0.172812763757677,0.479152245529862,Bacteria,Bacteroidetes,Bacteroidia,"O_Bacteroidales,F_S24-7,G_NA",Bacteroidales,S24-7,NA,NA,NA
denovo174627,24.8266859595718,-0.663472499501421,0.663472499501421,0.706257442981199,-0.939420187489739,0.347515052253269,0.648592522128711,Bacteria,Firmicutes,Clostridia,"O_Clostridiales,F_Ruminococcaceae,G_NA",Clostridiales,Ruminococcaceae,NA,NA,NA
denovo336881,10.988863896017,0.655441712181764,0.655441712181764,0.719357855181329,0.911148335228155,0.362217221694239,0.649596174443387,Bacteria,Firmicutes,Bacilli,"O_Lactobacillales,F_Enterococcaceae,G_Enterococcus",Lactobacillales,Enterococcaceae,Enterococcus,NA,NA
denovo286244,8.07345573434548,-0.652932482963185,0.652932482963185,1.48424619065197,-0.439908478172598,0.660003395148187,0.852504385399741,Bacteria,Firmicutes,Erysipelotrichi,"O_Erysipelotrichales,F_Erysipelotrichaceae,G_NA",Erysipelotrichales,Erysipelotrichaceae,NA,NA,NA
denovo100557,615.847845324564,0.650392322647242,0.650392322647242,0.51787286029162,1.25589188489429,0.209155171192614,0.5277520017302,Bacteria,Bacteroidetes,Bacteroidia,"O_Bacteroidales,F_Rikenellaceae,G_NA",Bacteroidales,Rikenellaceae,NA,NA,NA
denovo562390,8.36475960521064,0.650090279488252,0.650090279488252,0.654549618714834,0.99318716396881,0.320618752523915,0.633464191920077,NA,NA,NA,"O_NA,F_NA,G_NA",NA,NA,NA,NA,Unassigned
denovo170308,157.789541399113,0.644513989502345,0.644513989502345,0.449961656253745,1.43237536031045,0.152036426248019,0.445836547240811,Bacteria,Bacteroidetes,Bacteroidia,"O_Bacteroidales,F_Porphyromonadaceae,G_Parabacteroides",Bacteroidales,Porphyromonadaceae,Parabacteroides,distasonis,NA
denovo303145,297.062837137992,0.638939684327654,0.638939684327654,0.52039945929945,1.22778698730352,0.21952694178781,0.537855953962834,Bacteria,Bacteroidetes,Bacteroidia,"O_Bacteroidales,F_S24-7,G_NA",Bacteroidales,S24-7,NA,NA,NA
denovo386975,9.00654371596688,0.637583594378469,0.637583594378469,0.996502665216614,0.639821263538592,0.522288806989188,0.780649252724622,Bacteria,Firmicutes,Clostridia,"O_Clostridiales,F_NA,G_NA",Clostridiales,NA,NA,NA,NA
denovo467799,15.0073965514192,-0.618048094133434,0.618048094133434,0.697095909350363,-0.886604104031258,0.375292083531384,0.667527722346806,Bacteria,Firmicutes,Clostridia,"O_Clostridiales,F_NA,G_NA",Clostridiales,NA,NA,NA,NA
denovo247345,97.4182588129444,0.617895537837542,0.617895537837542,0.465486037712161,1.32742013245868,0.184369743606408,0.482026920031211,Bacteria,Bacteroidetes,Bacteroidia,"O_Bacteroidales,F_S24-7,G_NA",Bacteroidales,S24-7,NA,NA,NA
denovo217664,18.6591007854405,0.615859860093399,0.615859860093399,0.972225184696784,0.633453925888037,0.526437259435596,0.780649252724622,Bacteria,Firmicutes,Clostridia,"O_Clostridiales,F_NA,G_NA",Clostridiales,NA,NA,NA,NA
denovo376041,18.6214859516837,0.61535936512854,0.61535936512854,0.977074557570088,0.629797757357322,0.528826913136034,0.780649252724622,Bacteria,Firmicutes,Clostridia,"O_Clostridiales,F_Lachnospiraceae,G_NA",Clostridiales,Lachnospiraceae,NA,NA,NA
denovo187150,140.471990101576,0.609881982561797,0.609881982561797,0.937255890345317,0.650710215688371,0.515233567451543,0.776428362062395,Bacteria,Firmicutes,Clostridia,"O_Clostridiales,F_NA,G_NA",Clostridiales,NA,NA,NA,NA
denovo533959,40.9868617040377,0.607587248290314,0.607587248290314,0.653101701179316,0.930310313375673,0.352210439481892,0.648592522128711,Bacteria,Firmicutes,Clostridia,"O_Clostridiales,F_NA,G_NA",Clostridiales,NA,NA,NA,NA
denovo417965,9.64675658955846,-0.601342608218665,0.601342608218665,0.790128514887409,-0.761069366423706,0.446615636443352,0.719849701856686,Bacteria,Firmicutes,Clostridia,"O_Clostridiales,F_Ruminococcaceae,G_Oscillospira",Clostridiales,Ruminococcaceae,Oscillospira,NA,NA
denovo487383,2499.30720817279,0.594786564083549,0.594786564083549,0.520890244499044,1.14186543204619,0.253509959295987,0.569687250742438,Bacteria,Bacteroidetes,Bacteroidia,"O_Bacteroidales,F_[Paraprevotellaceae],G_CF231",Bacteroidales,[Paraprevotellaceae],CF231,NA,NA
denovo101287,13.5277377692592,-0.556215987619006,0.556215987619006,0.688785171216944,-0.807531884921804,0.4193601121942,0.705379862485045,Bacteria,Firmicutes,Clostridia,"O_Clostridiales,F_Ruminococcaceae,G_Ruminococcus",Clostridiales,Ruminococcaceae,Ruminococcus,NA,NA
denovo578239,21.242296424807,-0.553329317785538,0.553329317785538,1.28080545926444,-0.432016676524249,0.66572929270548,0.854812168740173,Bacteria,Firmicutes,Clostridia,"O_Clostridiales,F_Lachnospiraceae,G_NA",Clostridiales,Lachnospiraceae,NA,NA,NA
denovo49754,27.2792982831305,-0.550552181574774,0.550552181574774,0.809472188607459,-0.680137241678301,0.496417565478221,0.758609941611085,Bacteria,Firmicutes,Clostridia,"O_Clostridiales,F_Ruminococcaceae,G_NA",Clostridiales,Ruminococcaceae,NA,NA,NA
denovo175851,11.8465352395346,0.549098947943642,0.549098947943642,0.555479043477566,0.988514246200935,0.322900860888934,0.633464191920077,Bacteria,Firmicutes,Clostridia,"O_Clostridiales,F_Ruminococcaceae,G_Oscillospira",Clostridiales,Ruminococcaceae,Oscillospira,NA,NA
denovo320902,527.026899685732,-0.546478303232533,0.546478303232533,0.730923928021092,-0.747654143314301,0.454668797581803,0.719849701856686,Bacteria,Firmicutes,Bacilli,"O_Lactobacillales,F_Lactobacillaceae,G_Lactobacillus",Lactobacillales,Lactobacillaceae,Lactobacillus,NA,NA
denovo12325,7.53453840179376,0.543644217750166,0.543644217750166,1.1249060475362,0.483279664947015,0.628897176709085,0.84764402078181,Bacteria,Firmicutes,Clostridia,"O_Clostridiales,F_Lachnospiraceae,G_NA",Clostridiales,Lachnospiraceae,NA,NA,NA
denovo206486,10.499200454842,-0.54014411149698,0.54014411149698,0.592407814228431,-0.911777492672813,0.361885860879088,0.649596174443387,Bacteria,Firmicutes,Clostridia,"O_Clostridiales,F_Ruminococcaceae,G_NA",Clostridiales,Ruminococcaceae,NA,NA,NA
denovo358325,13.6949591519708,0.532554126410356,0.532554126410356,0.66893029636346,0.79612798120448,0.425957651980233,0.705593973127561,Bacteria,Bacteroidetes,Bacteroidia,"O_Bacteroidales,F_S24-7,G_NA",Bacteroidales,S24-7,NA,NA,NA
denovo391951,59.5248909901053,0.515138500673301,0.515138500673301,0.510132525272106,1.00981308807652,0.312584848408076,0.633464191920077,Bacteria,Bacteroidetes,Bacteroidia,"O_Bacteroidales,F_Rikenellaceae,G_NA",Bacteroidales,Rikenellaceae,NA,NA,NA
denovo48459,92.1714971601871,-0.502898931574459,0.502898931574459,0.588160285940839,-0.855037212806721,0.392530546881159,0.673134217240901,Bacteria,Proteobacteria,Deltaproteobacteria,"O_Desulfovibrionales,F_Desulfovibrionaceae,G_Desulfovibrio",Desulfovibrionales,Desulfovibrionaceae,Desulfovibrio,NA,NA
denovo150598,50.7712528586994,0.499773399097898,0.499773399097898,0.855490989806937,0.584194813332498,0.559089250681786,0.798173469723339,Bacteria,Bacteroidetes,Bacteroidia,"O_Bacteroidales,F_Bacteroidaceae,G_Bacteroides",Bacteroidales,Bacteroidaceae,Bacteroides,NA,NA
denovo557919,23.2922607099627,-0.497807515119064,0.497807515119064,0.661106008026776,-0.752991969631142,0.451454739632809,0.719849701856686,Bacteria,Firmicutes,Clostridia,"O_Clostridiales,F_Ruminococcaceae,G_NA",Clostridiales,Ruminococcaceae,NA,NA,NA
denovo422039,62.7787866077574,0.489816119841492,0.489816119841492,0.510264394352812,0.959926119208739,0.337092399618372,0.648592522128711,Bacteria,Bacteroidetes,Bacteroidia,"O_Bacteroidales,F_S24-7,G_NA",Bacteroidales,S24-7,NA,NA,NA
denovo329043,12.4011367150811,0.470772922300262,0.470772922300262,1.04136545952016,0.452072726242703,0.651216591038199,0.852504385399741,Bacteria,Firmicutes,Clostridia,"O_Clostridiales,F_Ruminococcaceae,G_Ruminococcus",Clostridiales,Ruminococcaceae,Ruminococcus,flavefaciens,NA
denovo389382,16.807038092332,0.467155476481883,0.467155476481883,0.887036869248359,0.52664719210345,0.59843861361137,0.827892193386113,Bacteria,Proteobacteria,Betaproteobacteria,"O_Burkholderiales,F_Alcaligenaceae,G_Sutterella",Burkholderiales,Alcaligenaceae,Sutterella,NA,NA
denovo163446,87.6664335451179,0.463772550298333,0.463772550298333,0.612449146823571,0.757242544468647,0.448904565823078,0.719849701856686,Bacteria,Proteobacteria,Betaproteobacteria,"O_Burkholderiales,F_Alcaligenaceae,G_Sutterella",Burkholderiales,Alcaligenaceae,Sutterella,NA,NA
denovo102391,13.5310521726195,-0.453793640723366,0.453793640723366,0.883792937494528,-0.513461492473372,0.607628540528081,0.834527805661984,Bacteria,Firmicutes,Clostridia,"O_Clostridiales,F_NA,G_NA",Clostridiales,NA,NA,NA,NA
denovo155111,334.059156494996,0.451893570155878,0.451893570155878,0.444462729264391,1.01671870418423,0.309287265257675,0.633464191920077,Bacteria,Bacteroidetes,Bacteroidia,"O_Bacteroidales,F_S24-7,G_NA",Bacteroidales,S24-7,NA,NA,NA
denovo306366,92.5063819268779,0.443681451369293,0.443681451369293,0.476516376113104,0.931093816729568,0.351805036812157,0.648592522128711,Bacteria,Bacteroidetes,Bacteroidia,"O_Bacteroidales,F_S24-7,G_NA",Bacteroidales,S24-7,NA,NA,NA
denovo379803,106.088871998405,-0.443372097453352,0.443372097453352,0.95283432716414,-0.46531919013973,0.641702894277504,0.852504385399741,Bacteria,Firmicutes,Clostridia,"O_Clostridiales,F_NA,G_NA",Clostridiales,NA,NA,NA,NA
denovo539772,80.6185865491423,0.441937641592744,0.441937641592744,0.518421094597642,0.852468478227611,0.393954127140988,0.673134217240901,Bacteria,Bacteroidetes,Bacteroidia,"O_Bacteroidales,F_Rikenellaceae,G_NA",Bacteroidales,Rikenellaceae,NA,NA,NA
denovo484746,30.6988729387449,-0.438861594399375,0.438861594399375,0.797298243796937,-0.550435922584508,0.582020415483062,0.822351193861519,Bacteria,Firmicutes,Clostridia,"O_Clostridiales,F_Ruminococcaceae,G_Oscillospira",Clostridiales,Ruminococcaceae,Oscillospira,NA,NA
denovo573775,12.0413730785383,-0.435536056458536,0.435536056458536,0.705624967141277,-0.617234475450945,0.537080079093034,0.782190450759653,Bacteria,Firmicutes,Clostridia,"O_Clostridiales,F_NA,G_NA",Clostridiales,NA,NA,NA,NA
denovo511939,29.9303762943113,0.429662668473378,0.429662668473378,0.574674527942862,0.747662629160585,0.454663677800373,0.719849701856686,Bacteria,Bacteroidetes,Bacteroidia,"O_Bacteroidales,F_S24-7,G_NA",Bacteroidales,S24-7,NA,NA,NA
denovo488767,189.854668461173,0.427912161442792,0.427912161442792,0.36032432802311,1.18757499331365,0.235000894728327,0.537855953962834,Bacteria,Bacteroidetes,Bacteroidia,"O_Bacteroidales,F_S24-7,G_NA",Bacteroidales,S24-7,NA,NA,NA
denovo367795,15.7855562513391,-0.42321889913137,0.42321889913137,0.60379793807128,-0.700928029802923,0.483347930823805,0.749189292776898,Bacteria,Firmicutes,Clostridia,"O_Clostridiales,F_Ruminococcaceae,G_Oscillospira",Clostridiales,Ruminococcaceae,Oscillospira,NA,NA
denovo408582,109.118477105067,-0.42141178272659,0.42141178272659,0.543800172910131,-0.774938669973966,0.438375900528107,0.719849701856686,Bacteria,Bacteroidetes,Bacteroidia,"O_Bacteroidales,F_S24-7,G_NA",Bacteroidales,S24-7,NA,NA,NA
denovo523237,41.5175672655206,-0.41774952517425,0.41774952517425,0.794404290097254,-0.525865142449202,0.598981909500552,0.827892193386113,Bacteria,Firmicutes,Clostridia,"O_Clostridiales,F_NA,G_NA",Clostridiales,NA,NA,NA,NA
denovo365307,10.001932953963,-0.414331450030362,0.414331450030362,0.931963778705349,-0.444578919800871,0.656624084272139,0.852504385399741,Bacteria,Firmicutes,Clostridia,"O_Clostridiales,F_Ruminococcaceae,G_Oscillospira",Clostridiales,Ruminococcaceae,Oscillospira,NA,NA
denovo78499,12.3679218684964,0.413593284150552,0.413593284150552,0.515729962357212,0.801957059582439,0.422577797802101,0.705379862485045,Bacteria,Bacteroidetes,Bacteroidia,"O_Bacteroidales,F_S24-7,G_NA",Bacteroidales,S24-7,NA,NA,NA
denovo582152,18.659818862448,-0.407775697314917,0.407775697314917,0.824818181670787,-0.494382527418236,0.62103605133623,0.847577504024918,Bacteria,Firmicutes,Clostridia,"O_Clostridiales,F_NA,G_NA",Clostridiales,NA,NA,NA,NA
denovo487681,32.4956441121545,0.406570575615411,0.406570575615411,0.594499778745829,0.683886840922164,0.494046624087019,0.758609941611085,Bacteria,Firmicutes,Clostridia,"O_Clostridiales,F_Lachnospiraceae,G_[Ruminococcus]",Clostridiales,Lachnospiraceae,[Ruminococcus],gnavus,NA
denovo180181,77.1030534978546,0.401394277400531,0.401394277400531,1.06698164918525,0.376196045833626,0.70677115484586,0.871416707963361,Bacteria,Firmicutes,Clostridia,"O_Clostridiales,F_NA,G_NA",Clostridiales,NA,NA,NA,NA
denovo19478,8.98880475397041,-0.39959203513876,0.39959203513876,0.82408637372767,-0.484890962741256,0.627753693321536,0.84764402078181,Bacteria,Firmicutes,Clostridia,"O_Clostridiales,F_Lachnospiraceae,G_NA",Clostridiales,Lachnospiraceae,NA,NA,NA
denovo379438,24.0432218381411,-0.387429000787029,0.387429000787029,0.59518818538494,-0.650935301305516,0.515088252369414,0.776428362062395,Bacteria,Firmicutes,Clostridia,"O_Clostridiales,F_NA,G_NA",Clostridiales,NA,NA,NA,NA
denovo593998,126.600969333408,0.384304355053433,0.384304355053433,0.65643202444599,0.585444251257813,0.558249041630628,0.798173469723339,Bacteria,Bacteroidetes,Bacteroidia,"O_Bacteroidales,F_S24-7,G_NA",Bacteroidales,S24-7,NA,NA,NA
denovo470134,10.5631444692601,0.377634145510896,0.377634145510896,1.00010395089677,0.377594894183028,0.705731558228206,0.871416707963361,Bacteria,Firmicutes,Clostridia,"O_Clostridiales,F_NA,G_NA",Clostridiales,NA,NA,NA,NA
denovo523744,19.6049029807019,0.37135843796941,0.37135843796941,1.29219141396078,0.287386554311745,0.773816355284735,0.908387012169294,Bacteria,Firmicutes,Erysipelotrichi,"O_Erysipelotrichales,F_Erysipelotrichaceae,G_Allobaculum",Erysipelotrichales,Erysipelotrichaceae,Allobaculum,NA,NA
denovo401200,11.4300374251657,-0.369005908644369,0.369005908644369,1.00085120796563,-0.368692075013254,0.712357256473658,0.873341947202169,Bacteria,Firmicutes,Clostridia,"O_Clostridiales,F_NA,G_NA",Clostridiales,NA,NA,NA,NA
denovo193692,12.2946228525097,-0.36526962839435,0.36526962839435,0.800648743040801,-0.45621707592656,0.648233887346501,0.852504385399741,Bacteria,Firmicutes,Clostridia,"O_Clostridiales,F_NA,G_NA",Clostridiales,NA,NA,NA,NA
denovo436809,311.818218416318,0.353603139821264,0.353603139821264,0.476233345092191,0.742499750312134,0.457784603024068,0.719849701856686,Bacteria,Bacteroidetes,Bacteroidia,"O_Bacteroidales,F_Prevotellaceae,G_Prevotella",Bacteroidales,Prevotellaceae,Prevotella,NA,NA
denovo87239,13.1455929508679,-0.349022352095699,0.349022352095699,0.487090097059317,-0.716545777060206,0.473654411973325,0.739446096390011,Bacteria,Firmicutes,Clostridia,"O_Clostridiales,F_Ruminococcaceae,G_NA",Clostridiales,Ruminococcaceae,NA,NA,NA
denovo317476,23.1783990202266,-0.334803685919915,0.334803685919915,1.22864475448533,-0.272498364313745,0.785238848794166,0.908387012169294,Bacteria,Firmicutes,Clostridia,"O_Clostridiales,F_NA,G_NA",Clostridiales,NA,NA,NA,NA
denovo307226,7.94986567669853,-0.333705239971744,0.333705239971744,0.724739387260284,-0.460448605164461,0.64519425365685,0.852504385399741,Bacteria,Firmicutes,Clostridia,"O_Clostridiales,F_NA,G_NA",Clostridiales,NA,NA,NA,NA
denovo87569,75.7273859617937,0.329721593055012,0.329721593055012,0.811602072697498,0.406260166338814,0.684551450307579,0.868699793665174,Bacteria,Firmicutes,Clostridia,"O_Clostridiales,F_NA,G_NA",Clostridiales,NA,NA,NA,NA
denovo544721,15.7286538060173,-0.317792481941935,0.317792481941935,0.579777953803696,-0.548127916656753,0.583604073063014,0.822351193861519,Bacteria,Bacteroidetes,Bacteroidia,"O_Bacteroidales,F_NA,G_NA",Bacteroidales,NA,NA,NA,NA
denovo406602,39.7365783369625,0.306104914404048,0.306104914404048,0.851424916407115,0.359520738124231,0.719205566666608,0.874755532208833,Bacteria,Firmicutes,Clostridia,"O_Clostridiales,F_Lachnospiraceae,G_NA",Clostridiales,Lachnospiraceae,NA,NA,NA
denovo584895,8.43145188571859,0.301903767830841,0.301903767830841,0.503123388220734,0.600059100608514,0.548466848644905,0.793448707706296,Bacteria,Firmicutes,Clostridia,"O_Clostridiales,F_Ruminococcaceae,G_Oscillospira",Clostridiales,Ruminococcaceae,Oscillospira,NA,NA
denovo189190,22.9181822233199,-0.293270621024379,0.293270621024379,0.66082855008663,-0.443792298298754,0.657192757168455,0.852504385399741,Bacteria,Firmicutes,Clostridia,"O_Clostridiales,F_Ruminococcaceae,G_Oscillospira",Clostridiales,Ruminococcaceae,Oscillospira,NA,NA
denovo525448,36.2373247259072,-0.274102341962633,0.274102341962633,0.841432789718882,-0.325756668045001,0.744608465768922,0.887802401493714,Bacteria,Firmicutes,Clostridia,"O_Clostridiales,F_Lachnospiraceae,G_NA",Clostridiales,Lachnospiraceae,NA,NA,NA
denovo181070,29.3612829375378,0.271235362479589,0.271235362479589,0.650473022778821,0.41698172403964,0.676691775590703,0.86377714884225,Bacteria,Proteobacteria,Alphaproteobacteria,"O_RF32,F_NA,G_NA",RF32,NA,NA,NA,NA
denovo209869,17.8360510976777,-0.266413665560949,0.266413665560949,0.811953946012847,-0.328114256811228,0.742825274815712,0.887802401493714,Bacteria,Firmicutes,Clostridia,"O_Clostridiales,F_NA,G_NA",Clostridiales,NA,NA,NA,NA
denovo38373,12.4234031024613,-0.246781272958993,0.246781272958993,0.741176230410201,-0.332958968236762,0.739165256204608,0.887802401493714,Bacteria,Firmicutes,Clostridia,"O_Clostridiales,F_NA,G_NA",Clostridiales,NA,NA,NA,NA
denovo214147,9.25315478846606,0.244975148365963,0.244975148365963,0.628749655847197,0.389622715635329,0.696815552396274,0.869017096953974,Bacteria,Firmicutes,Clostridia,"O_Clostridiales,F_NA,G_NA",Clostridiales,NA,NA,NA,NA
denovo478754,17.1586384229905,-0.244209553510395,0.244209553510395,1.24957797632407,-0.195433624901741,0.845053495226199,0.950137867689561,Bacteria,Bacteroidetes,Bacteroidia,"O_Bacteroidales,F_[Odoribacteraceae],G_Odoribacter",Bacteroidales,[Odoribacteraceae],Odoribacter,NA,NA
denovo349219,16.5055526384076,0.240090506561585,0.240090506561585,0.607911677412392,0.394943073940516,0.692884900196158,0.869017096953974,Bacteria,Firmicutes,Clostridia,"O_Clostridiales,F_NA,G_NA",Clostridiales,NA,NA,NA,NA
denovo159918,14.4609717026262,0.215888849546017,0.215888849546017,0.798932205082724,0.270221738681398,0.786989669529158,0.908387012169294,Bacteria,Firmicutes,Clostridia,"O_Clostridiales,F_Lachnospiraceae,G_NA",Clostridiales,Lachnospiraceae,NA,NA,NA
denovo353430,32.4982628167405,-0.199264736002105,0.199264736002105,0.559170212777858,-0.356357923667274,0.721572535785166,0.874755532208833,Bacteria,Firmicutes,Clostridia,"O_Clostridiales,F_NA,G_NA",Clostridiales,NA,NA,NA,NA
denovo474098,13.6972079384442,0.186323273305328,0.186323273305328,1.21439248866059,0.153429204351249,0.878059815793194,0.957482311694086,Bacteria,Firmicutes,Clostridia,"O_Clostridiales,F_Lachnospiraceae,G_NA",Clostridiales,Lachnospiraceae,NA,NA,NA
denovo317364,12.7226519262045,0.17926694049052,0.17926694049052,1.1601274435629,0.154523489195263,0.877196991940899,0.957482311694086,Bacteria,Firmicutes,Clostridia,"O_Clostridiales,F_NA,G_NA",Clostridiales,NA,NA,NA,NA
denovo488023,34.6651307276668,-0.169229000378648,0.169229000378648,0.587742688971223,-0.287930421856653,0.773399999283394,0.908387012169294,Bacteria,Firmicutes,Clostridia,"O_Clostridiales,F_Ruminococcaceae,G_Oscillospira",Clostridiales,Ruminococcaceae,Oscillospira,NA,NA
denovo62644,26.256916884815,-0.166634868973796,0.166634868973796,0.425069832180204,-0.392017631830322,0.69504518608734,0.869017096953974,Bacteria,Firmicutes,Clostridia,"O_Clostridiales,F_Ruminococcaceae,G_Oscillospira",Clostridiales,Ruminococcaceae,Oscillospira,NA,NA
denovo552610,19.6737701319797,-0.162597659490637,0.162597659490637,0.745861735672009,-0.217999733347548,0.827429319187647,0.940063676773399,Bacteria,Firmicutes,Clostridia,"O_Clostridiales,F_NA,G_NA",Clostridiales,NA,NA,NA,NA
denovo500582,21.9235105575816,-0.160881765745819,0.160881765745819,0.992489875527713,-0.16209915054325,0.871227775118555,0.957482311694086,Bacteria,Firmicutes,Clostridia,"O_Clostridiales,F_NA,G_NA",Clostridiales,NA,NA,NA,NA
denovo409198,32.4720767561819,0.157656802973744,0.157656802973744,0.645244949054781,0.244336361260472,0.806970324478514,0.926521483660516,Bacteria,Firmicutes,Clostridia,"O_Clostridiales,F_NA,G_NA",Clostridiales,NA,NA,NA,NA
denovo470360,169.838077923811,0.143568332261962,0.143568332261962,0.514063252061101,0.279281453568865,0.780028838165679,0.908387012169294,Bacteria,Bacteroidetes,Bacteroidia,"O_Bacteroidales,F_S24-7,G_NA",Bacteroidales,S24-7,NA,NA,NA
denovo433965,39.9551571961185,-0.139713854004149,0.139713854004149,0.962692742676832,-0.145128188684237,0.884609662543268,0.959801483859445,Bacteria,Firmicutes,Clostridia,"O_Clostridiales,F_NA,G_NA",Clostridiales,NA,NA,NA,NA
denovo450346,107.528211775341,-0.133016149340459,0.133016149340459,0.469545006361488,-0.283287326110021,0.776956591836346,0.908387012169294,Bacteria,Bacteroidetes,Bacteroidia,"O_Bacteroidales,F_S24-7,G_NA",Bacteroidales,S24-7,NA,NA,NA
denovo303675,7.6322227625476,-0.131621378826571,0.131621378826571,0.647775226406458,-0.203189892822457,0.838986612420301,0.948229660912527,Bacteria,Firmicutes,Clostridia,"O_Clostridiales,F_Ruminococcaceae,G_NA",Clostridiales,Ruminococcaceae,NA,NA,NA
denovo362736,13.1240538988135,-0.129850048197504,0.129850048197504,0.730234082426588,-0.17781975851635,0.85886452959038,0.957482311694086,Bacteria,Firmicutes,Clostridia,"O_Clostridiales,F_NA,G_NA",Clostridiales,NA,NA,NA,NA
denovo327915,15.7953329777295,0.105165728143044,0.105165728143044,0.45401363755403,0.231635614977599,0.81682104296914,0.932895612233176,Bacteria,Firmicutes,Clostridia,"O_Clostridiales,F_Ruminococcaceae,G_Ruminococcus",Clostridiales,Ruminococcaceae,Ruminococcus,NA,NA
denovo307202,12.7504357993276,-0.101287286428696,0.101287286428696,0.623073420468924,-0.16256075624678,0.870864287875011,0.957482311694086,Bacteria,Bacteroidetes,Bacteroidia,"O_Bacteroidales,F_S24-7,G_NA",Bacteroidales,S24-7,NA,NA,NA
denovo271540,8.61667487982763,-0.094564434777334,0.094564434777334,1.31571713327572,-0.071872921911337,0.942703039488066,0.99472731924934,Bacteria,Tenericutes,Mollicutes,"O_RF39,F_NA,G_NA",RF39,NA,NA,NA,NA
denovo506625,78.5235259575517,-0.09442564815134,0.09442564815134,1.07758503207806,-0.08762709701827,0.930173064709229,0.9943229312409,Bacteria,Firmicutes,Clostridia,"O_Clostridiales,F_Lachnospiraceae,G_NA",Clostridiales,Lachnospiraceae,NA,NA,NA
denovo403339,7.4384333470114,-0.094387765405127,0.094387765405127,0.774159840186111,-0.121922838806048,0.902960127812402,0.974837550921847,Bacteria,Firmicutes,Bacilli,"O_Lactobacillales,F_Lactobacillaceae,G_Lactobacillus",Lactobacillales,Lactobacillaceae,Lactobacillus,NA,NA
denovo335938,29.603951982745,0.078848323346796,0.078848323346796,0.506714492757959,0.155607002510701,0.876342804979175,0.957482311694086,Bacteria,Firmicutes,Clostridia,"O_Clostridiales,F_Ruminococcaceae,G_NA",Clostridiales,Ruminococcaceae,NA,NA,NA
denovo181414,9.59600467057381,-0.070682427173511,0.070682427173511,0.982981292980281,-0.071906177338543,0.942676573972883,0.99472731924934,Bacteria,Firmicutes,Clostridia,"O_Clostridiales,F_NA,G_NA",Clostridiales,NA,NA,NA,NA
denovo330446,21.748015552459,0.063171088467247,0.063171088467247,0.559643899891979,0.112877293006213,0.910127838814734,0.977711589221768,Bacteria,Bacteroidetes,Bacteroidia,"O_Bacteroidales,F_S24-7,G_NA",Bacteroidales,S24-7,NA,NA,NA
denovo411661,81.1336467538133,0.041608524734378,0.041608524734378,0.736072310000638,0.056527767950329,0.954921375260146,0.995829708661269,Bacteria,Firmicutes,Clostridia,"O_Clostridiales,F_NA,G_NA",Clostridiales,NA,NA,NA,NA
denovo105484,10.1422926920972,-0.041138073593226,0.041138073593226,0.887100944679075,-0.046373610399105,0.963012469728445,0.995829708661269,Bacteria,Firmicutes,Clostridia,"O_Clostridiales,F_Lachnospiraceae,G_NA",Clostridiales,Lachnospiraceae,NA,NA,NA
denovo561563,8.6755293641085,-0.038702343500044,0.038702343500044,0.975278750063354,-0.039683365906957,0.968345563313842,0.995829708661269,Bacteria,Firmicutes,Clostridia,"O_Clostridiales,F_Ruminococcaceae,G_Oscillospira",Clostridiales,Ruminococcaceae,Oscillospira,NA,NA
denovo534513,57.0408840130174,0.036890444134338,0.036890444134338,0.528045975021202,0.069862182233008,0.944303353757438,0.99472731924934,Bacteria,Firmicutes,Clostridia,"O_Clostridiales,F_Ruminococcaceae,G_Oscillospira",Clostridiales,Ruminococcaceae,Oscillospira,NA,NA
denovo111830,88.7094487830089,0.024228325560781,0.024228325560781,0.544422613260122,0.044502790609112,0.964503627598189,0.995829708661269,Bacteria,Bacteroidetes,Bacteroidia,"O_Bacteroidales,F_S24-7,G_NA",Bacteroidales,S24-7,NA,NA,NA
denovo292809,452.379906866395,0.019794311671918,0.019794311671918,0.515441142137353,0.038402661436449,0.969366639029513,0.995829708661269,Bacteria,Bacteroidetes,Bacteroidia,"O_Bacteroidales,F_S24-7,G_NA",Bacteroidales,S24-7,NA,NA,NA
denovo234457,12.4357633121153,-0.013022413953876,0.013022413953876,0.640309790186409,-0.020337677407814,0.983773999770831,0.995829708661269,Bacteria,Firmicutes,Clostridia,"O_Clostridiales,F_Dehalobacteriaceae,G_Dehalobacterium",Clostridiales,Dehalobacteriaceae,Dehalobacterium,NA,NA
denovo127628,71.5209712736953,-0.009481988132336,0.009481988132336,0.485898530960653,-0.019514337928929,0.984430799208118,0.995829708661269,Bacteria,Firmicutes,Clostridia,"O_Clostridiales,F_Ruminococcaceae,G_Oscillospira",Clostridiales,Ruminococcaceae,Oscillospira,NA,NA
denovo584291,22.496307382708,-0.007147971311992,0.007147971311992,0.831014546968644,-0.008601499622438,0.993137080878031,0.995829708661269,Bacteria,Bacteroidetes,Bacteroidia,"O_Bacteroidales,F_S24-7,G_NA",Bacteroidales,S24-7,NA,NA,NA
denovo591195,49.7891188019986,-0.00610537562515,0.00610537562515,0.918390806335785,-0.006647905862113,0.994695777620689,0.995829708661269,Bacteria,Firmicutes,Clostridia,"O_Clostridiales,F_NA,G_NA",Clostridiales,NA,NA,NA,NA
denovo339174,9.58197466791759,0.006039976553286,0.006039976553286,0.754821291412913,0.008001862986641,0.993615505198371,0.995829708661269,Bacteria,Firmicutes,Clostridia,"O_Clostridiales,F_Ruminococcaceae,G_Ruminococcus",Clostridiales,Ruminococcaceae,Ruminococcus,NA,NA
denovo230059,51.2810409874904,-0.002569374661778,0.002569374661778,0.491585568720508,-0.005226708889087,0.995829708661269,0.995829708661269,Bacteria,Bacteroidetes,Bacteroidia,"O_Bacteroidales,F_S24-7,G_NA",Bacteroidales,S24-7,NA,NA,NA
